site_name,longitude,latitude,permit_regime,town,county,permit_count
1st Choice Vehicle Dismantlers,-3.137056657874654,51.47554184790776,Waste,Cardiff,Glamorgan,3
7 Steel Swansea Scrap Yard,-3.91775502382158,51.61462748711555,Waste,Swansea,Swansea,2
A & L Scrap Metal Merchants,-3.2493196146849894,51.39777810076855,Waste,Barry,Glamorgan,2
A C D Skips Ltd,-3.5804006574921448,51.54970567702705,Waste,Bridgend,Glamorgan,7
A D J Skip Hire,-3.231274806523971,51.609782879311446,Waste,Caerphilly,Gwent,1
A D Plant,-3.095869235120521,52.324455261908646,Waste,Knighton,Powys,1
A J Motors,-3.78727145355058,51.66949871075752,Waste,Neath,N P T,1
A J Recycling Ltd,-4.667262412102355,52.01019298511408,Waste,Boncath,Pembrokeshire,1
A J T Recycling Ltd,-3.989164650233709,51.64196299045041,Waste,Swansea,Swansea,5
A S H Bretton Recycling Centre,-2.961566478282026,53.176742118332015,Waste,Bretton,Flintshire,6
A Skip 2 U Ltd,-3.0841730897683046,53.15325159771727,Waste,Mold,Flintshire,7
A&C Aggregates Ltd,-4.74579376916627,51.78566795468999,Waste,Narberth,Pembrokeshire,1
A1 Skips,-2.9966738844780454,51.56763589375959,Waste,Newport,Gwent,1
A48 Auto Salvage,-3.67391886466038,51.511153352199145,Waste,Bridgend,Glamorgan,4
ALUK (GB) LTD,-2.680436042261711,51.61830625100007,Installation,Chepstow,Monmouthshire,3
ALYN WORKS,-3.1485245811509137,53.17467231304392,Installation,MOLD,Flintshire,1
ARTICO Environmental Limited,-3.816186902954556,51.61579371135962,Waste,Port Talbot,Neath Port Talbot,1
AST Plastic Containers UK LLP,-2.9237996316299144,53.0484129061776,Waste,Wrexham,Wrexham,5
Abba Scrap,-3.3361831221233227,51.77053156583148,Waste,Merthyr Tydfil,Glamorgan,7
Aberbargoed Civic Amenity Site,-3.2159283399516982,51.683962561600666,Waste,Bargoed,Caerphilly,7
Aberclwyd Farm Crick Scrap,-3.6673288848879015,51.7289291559285,Waste,Neath,N P T,4
Aberfan Household Waste And Recycling Centre,-3.342182021990442,51.69522984192055,Waste,Aberfan,Merthyr Tydfil,7
Abergele Civic Amenity Site,-3.545021191803379,53.285427667493416,Waste,Abergele,Conwy,7
Abertawe Metals Recycling Ltd,-3.917439667883006,51.66126724740708,Waste,Swansea,Swansea,1
Aberthaw Ash Disposal Site EPR/DP3432SW,-3.406738810103993,51.3874690605191,Installation,Aberthaw,Vale of Glamorgan,1
Aberthaw Cement Works,-3.387825581631936,51.39459167555472,Waste,Barry,Glamorgan,1
Afan Combined Heat And Power Facility,-3.789158770648706,51.57091458290734,Waste,Phoenix Walk,Port Talbot,1
Alan's Skip Hire Ltd,-3.02775734138588,53.23609370584646,Waste,Deeside,Flintshire,3
Alltami Depot,-3.0894977318776484,53.18753336476998,Waste,Alltami,Flintshire,2
Alltami Soil & Aggregate Recycling Facility,-3.0902317906286263,53.19051110697725,Waste,Mold,Flintshire,3
Alyn Works,-3.1495932574359924,53.17547104826736,Installation,Mold,Flintshire,4
Ammanford Metal Recycling,-3.997713118156149,51.79842030295009,Waste,Ammanford,Carmarthenshire,3
Anaerobic Digester,-3.237814974774732,52.50023054266048,Waste,Newtown,Powys,3
Anglesey C C Highways Depot,-4.283754446750981,53.2231519366526,Waste,Gaerwen,Anglesey,1
Arch Motors,-3.8248167724587088,53.31441257562543,Waste,Llandudno,Conwy,4
Arch Services Recovery Facility,-3.409821531012374,51.61921157757782,Waste,Porth,Rhondda Cynon Taff,2
Areera Limited,-3.8817518549763337,51.62280889209697,Waste,Swansea,Neath Port Talbot,1
Argoed Farm AD Facility,-3.4876852575827155,52.50901293079731,Waste,Caersws,Powys,1
Argoed Poultry Unit,-3.4882537585081312,52.51101070550771,Installation,Caersws,Powys,1
Asbestos Store,-3.780433615907514,51.58618141431058,Waste,Port Talbot,N P T,2
Asgard Renewables Ltd,-4.624285470679071,52.09352498871253,Waste,Cardigan,Ceredigion,5
Atlantic Household Waste Recycling Centre,-3.2455786139508107,51.39764708307019,Waste,Barry,South Glamorgan,7
Atlantic Recycling Limited,-3.102660356265968,51.5013353423153,Installation,Cardiff,Glamorgan,20
Atlantic Salvage Company,-3.24946636315249,51.401580190163976,Waste,Barry,Glamorgan,1
Awel Deg Poultry Farm EPR/BP3738WZ,-4.395436217907282,53.29898217846792,Installation,Llandrygan,Gwynedd,2
Awelon Poultry Farm EPR/BP3238WL,-4.234863710752082,53.25894532127692,Installation,PENTRAETH,Gwynedd,2
BAE Systems Global Combat Systems Munitions,-2.9410599338192664,51.70123279881897,Waste,Usk,Monmouthshire,4
Bagillt Car Spares,-3.178043296098422,53.274498471378855,Waste,Bagillt,Flintshire,3
Bagillt Landfill Site,-3.1687612364260374,53.270131149862,Waste,Bagillt,Flintshire,1
Baglan Bay Works,-3.8309835824908114,51.61198483624803,Waste,Port Talbot,N P T,1
Baglan Paper Mill,-3.834760612925759,51.61968623118343,Installation,Neath,Neath Port Talbot,2
Bala Civic Amenity Site,-3.5915882829932557,52.91011266177534,Waste,Bala,Gwynedd,5
Bank Farm,-2.76977993911826,52.963211478670274,Waste,Whitchurch,Shropshire,2
Barry Aluminium Chlorohydrate Plant EA/EPR/MP3431SP/V002,-3.249626990418863,51.40219893110872,Installation,Barry,Vale of Glamorgan,2
Barry Silicone Plant,-3.239290962007698,51.40806364332235,Installation,Barry,Vale of Glamorgan,14
Barry Thermosets Plant EA/EPR/PP3238LX/V002,-3.230642472756559,51.40725559190933,Installation,Penarth,Vale of Glamorgan,4
Bayliss Metals,-3.560561179958906,51.50226781756062,Waste,Bridgend,Bridgend,3
Bedwas Plant,-3.182191061725232,51.59100925935556,Installation,Bedwas,Caerphilly,2
Belan Newydd Poultry Unit,-3.295029567124507,52.56873676076636,Installation,Newtown,Powys,1
Berth 31,-3.252520411733715,51.40549510730709,Waste,Barry,Vale of Glamorgan,1
Bessemer Close Household And Commercial Waste Recycling Centre,-3.210435655199203,51.4587205544294,Waste,Cardiff,Glamorgan,7
Bessemer Close Transfer Station,-3.204180161956878,51.466050491343935,Waste,Cardiff,Glamorgan,1
Bethel Construction Ltd,-3.891001941474865,51.66006846130421,Waste,Swansea,Mid Glam,3
Biffa Viking Place Waste Transfer Stn,-3.1411084553448427,51.46653754867015,Waste,Cardiff,Glamorgan,1
Bill Way & Co Ltd,-3.1363018619832315,51.47645734772736,Waste,Rover Way,Cardiff,2
Biodegradeable Waste Transfer Station,-3.98389577355642,51.79157743162988,Waste,Ammanford,Carmarthenshire,7
"Biogenie Wastewater Treatment Plant, Glan Llyn, St Modwen Development Site",-2.919992519765528,51.57280302275644,Waste,Newport,Newport,4
Birdport Waste Storage Facility,-2.9658217993499947,51.56263381427277,Installation,Newport,Newport,1
Black Rock Farm Poultry Unit,-2.935535334565031,53.02134385584987,Installation,Wrexham,Wrexham,1
Blacksmiths Garage,-3.366100004621023,52.28088294098151,Waste,Llandrindod Wells,Powys,1
Blaenbwch Farm,-3.440078014665445,52.09147805425776,Installation,Builth Well,Powys,1
Blaencilgoed Farm,-4.6832530601228415,51.76492643372866,Waste,Narberth,Pembrokeshire,1
Blaenwaun Pharmaceutical Plant,-4.385127765244749,52.09223387765898,Installation,LLANDYSUL,Dyfed,2
Blancomet- Cardiff,-3.196584820769826,51.46297209122915,Waste,Cardiff,Cardiff,3
Brecon Recycling Centre,-3.412318395326156,51.93986052561493,Waste,Brecon,Powys,8
Brecon Transfer Station - Cwrt Y Plyffin,-3.3249126576829884,51.97526879800102,Waste,Brecon,Powys,6
Bridgend Clinical Waste Treatment Plant and Transfer Station,-3.577161130083395,51.54945253824543,Installation,Bridgend,Bridgend,6
Bridgend Paper Mill,-3.6202195320687776,51.57193063243574,Installation,Bridgend,MID GLAMORGAN,6
Brindley Road,-3.200362667650746,51.45882413912266,Waste,Cardiff,Glamorgan,7
British Soil Western Ltd,-3.257751054388138,51.45148738606144,Waste,Wenvoe,Glamorgan,2
Briton Ferry Household Waste Recycling Centre,-3.827628514638637,51.63057031041404,Waste,Briton Ferry,Neath Port Talbot,4
Briton Ferry Shipping Services Ltd,-3.827795949595327,51.637968369020456,Waste,Neath,N P T,4
Bron Afon Poultry Farm EPR/SP3138WA,-4.344492778421384,53.33883538587661,Installation,LLANERCHYMEDD,Gwynedd,2
Bron Y Nant Road Waste Transfer And Materials Reclamation Facility,-3.7609460472716263,53.297743630001634,Waste,Colwyn Bay,Conwy,1
Brookhill Landfill Site EPR/AP3739KS,-3.080584906086308,53.180072508447935,Installation,BUCKLEY,CLWYD,4
Brookhill Transfer Station,-3.080959147476689,53.18305357249869,Waste,Buckley,Flintshire,7
Brother Industries (U.K.) Ltd.,-3.039582025701188,53.00217694337393,Waste,Wrexham,Clwyd,4
Broughshire Ltd,-3.565314204306014,51.51987413544817,Waste,Bridgend,Glamorgan,4
Broughton Aircraft Factory EPR/BM3965IA,-2.9796962723847584,53.1719558924292,Installation,CHESTER,CHESTER,6
Brymbo Household Waste Recycling Centre,-3.043953552409307,53.06474169008544,Waste,Wrexham,Clwyd,4
Bryn Glas Farm EPR/FP3434CG,-3.1397355650034355,52.76869223372811,Installation,LLANSANFFRAID,Powys,1
Bryn Lane Composting Facility,-2.9179478804976204,53.05032801162705,Waste,Wrexham,Clwyd,7
Bryn Pica Waste Operations,-3.436825552905613,51.73911398025146,Waste,Aberdare,R C T,21
Bryn Posteg Composting Facility,-3.5186844543607174,52.42682084720328,Waste,Llanidloes,Powys,1
Bryn Posteg Landfill,-3.48539660891294,52.42843959917556,Installation,Llanidloes,Powys,8
Bryn Posteg M R F,-3.5190717633898325,52.42739128483253,Waste,Llanidloes,Powys,2
Bryn Power AD Facility,-3.268083933584484,51.66200171331585,Installation,Hengoed,Caerphilly,1
Bryn Quarry Ltd,-3.266595331166521,51.65994968534804,Waste,Gelligaer,Mid Glamorgan,4
Brynford Poultry Farm EPR/LP3838WB,-3.222894670022309,53.248633931733245,Installation,HOLYWELL,Clwyd,2
Brynmenyn Household Waste Recycling Centre,-3.5806499522084247,51.54899193725389,Waste,Bridgend,Glamorgan,6
Brynna Scrapyard,-3.4546546356667345,51.548149277032174,Waste,Pontyclun,R C T,3
Brynrorin Farm Poultry Unit,-3.265968724644995,52.551528826507486,Installation,Montgomery,Powys,1
Brynthomas Farm,-3.307061308968002,52.24677466997733,Installation,Llandrindod Wells,Powys,1
Building 2,-4.020042395785759,51.64567111569269,Installation,Waunarlwydd,Swansea,1
Builth Wells Quarry,-3.3798853256857733,52.15783354949711,Waste,Builth Wells,Powys,1
Bulky Waste Recycling Centre,-3.7810497129443794,51.78910750121215,Waste,Ystradgynlais,Powys,5
Burton Meadows Farm,-2.960783810241737,53.123630721191525,Installation,Wrexham,Wrexham,1
Bwlch Y Wern  Landfill,-3.532172588342481,52.18135334775757,Waste,Builth Wells,Powys,1
Byass Works,-3.788701113972544,51.5923323058576,Waste,Port Talbot,Neath Port Talbot,7
C A D Recycling Ltd,-3.411254099945001,53.19104152129606,Waste,Denbigh,Denbighshire,1
C A R,-2.9858513461406613,51.62689216986997,Waste,Cwmbran,Gwent,4
CWL13 Data Centre,-3.032841327479603,51.55474368198892,Installation,Newport,Newport,1
Cae Bwsan,-4.3730330223752745,53.01658863347549,Waste,Caernarfon,Gwynedd,2
Cae Uchaf Farm,-4.194619386839623,53.2498305477022,Waste,Menai Bridge,Anglesey,3
Caer Glaw Quarry,-4.428498064125866,53.26009229622285,Waste,Holyhead,Anglesey,1
Caergylchu Waste Management Facility,-4.243331050389655,53.14107862200739,Waste,Caernarfon,Gwynedd,17
Caerhun Farm,-3.8402381103592473,53.217810955076544,Waste,Conwy,Gwynedd,3
Cambrian Autoparts Northwest Limited,-3.497816450674087,53.31167734670137,Waste,Rhyl,Denbighshire,2
Cambrian Concrete,-3.1774453427680616,53.196512835683976,Waste,Near Mold,Flintshire,1
Cambrian Quarry,-3.1763997154806867,53.149571356821546,Waste,Gwernymynydd,Clwyd,3
Capestone Farm,-5.095473182848799,51.7442797757099,Installation,HAVERFORDWEST,Dyfed,2
Capital Valley Recycling,-3.288473242293853,51.756830646518914,Waste,Tredegar,Caerphilly,6
Cardiff Arms Salvage,-3.178884506307797,51.46878039193119,Waste,Cardiff,Glamorgan,5
Cardiff East Wastewater Treatment Works CHP Facility,-3.1364163837668264,51.4735338710472,Installation,Cardiff,Cardiff,1
Cardiff Rod & Bar Mill EPR/BV0759IC,-3.1603894045613963,51.47181536544009,Installation,Cardiff,South Wales,2
Cardiff Section Mill,-3.1422971868613936,51.4795462485979,Installation,Cardiff,Cardiff,2
Carew Car Dismantlers,-4.818221470651089,51.68810763328455,Waste,Tenby,Pembrokeshire,6
Carmarthen EPR/BV9667IV,-4.33221997140373,51.847257452699374,Installation,CARMARTHEN,DYFED,1
Carway Fawr Site Office,-4.180309922394383,51.75031971278907,Waste,Llanelli,Carmarthenshire,2
Castle Meadow,-3.735823475986225,51.53185293569658,Waste,Bridgend,Glamorgan,1
Cefn Barach Poultry Unit,-3.5306445907602524,52.51004726809355,Installation,Caersws,Powys,1
Cefn Graianog Quarry,-4.297166142816173,53.01504907157966,Waste,Caernarfon,Gwynedd,3
Cefn Mawr Poultry Farm,-2.952828049765967,51.72275330513098,Installation,Usk,Gwent,2
Cefn Mawr Quarry Landfill,-3.1892159561712936,53.16369233953229,Waste,Mold,Flintshire,1
Cefnau Bach,-3.458510264885094,52.69788967176005,Installation,Welshpool,Powys,1
CellPath Limited,-3.324915800486702,52.501912307341065,Waste,Newtown,Powys,1
Celtic Recycling Ltd,-3.686053831845144,51.525223313361664,Waste,Bridgend,Glamorgan,6
Central Depot,-3.1713562454733686,51.79296137662509,Waste,Ebbw Vale,Blaenau Gwent,7
Cerrigcroes Poultry Unit,-3.4142937915562923,52.24204080939823,Installation,Llandrindod Wells,Powys,1
Chadwicks Metal Processing Facility,-3.008910682571598,53.20367781490357,Waste,Deeside,Flintshire,2
Chirk Landfill Site EPR/GP3830BG,-3.056465198691549,52.96553029323885,Installation,WREXHAM,Clwyd,2
Cilgwyn Landfill Site,-4.241329462516394,53.06184333331392,Waste,Penygroes,Gwynedd,1
Cillefwr Depot,-4.329191730833966,51.84738043617018,Waste,Carmarthen,Carmarthenshire,6
Cilmaenllwyd Civic Amenity Site,-4.624272340585722,52.10324655465039,Waste,Cardigan,Ceredigion,2
Cinders Farm,-3.008479296848791,52.98927516761552,Installation,Wrexham,Wrexham,1
Circular Waste Solutions – Liquid Waste  Treatment Facility,-4.01757961983214,51.64652280022419,Installation,Swansea,Swansea,3
Clays Site,-2.9317865226548085,53.05422068939748,Waste,Wrexham,Clwyd,3
Cloddiau Poultry Unit,-3.248354958145175,52.50930804685424,Installation,Newtown,Powys,1
Clover Auto Parts,-2.9253225047360063,53.02758154691488,Waste,Wrexham,Wrexham,4
Clydach Metals Recycling Facility,-3.8987103148661295,51.69122835861759,Waste,Swansea,West Glamorgan,4
Clyne Civic Amenity Site,-4.000190112677696,51.60644399367517,Waste,Clyne,Swansea,8
Coed Bolyn Mawr,-4.190457550665212,53.16541250747528,Waste,Caernarfon,Gwynedd,1
Coed Ffridd Arw,-3.88427325513968,52.74485014961466,Waste,Dolgellau,Gwynedd,7
Coed Top Hill,-3.2784361692679824,51.66251887243275,Waste,Nelson,Treharris,6
Coedely Reclamation & Development Scheme,-3.4386985677489523,51.563533583930834,Waste,Tonyrefail,R C T,1
Cold Mill Effluent Treatment Plant,-3.75972786930914,51.56398604104954,Installation,Port Talbot,Neath Port Talbot,1
Cole Contractors Cardiff,-3.203325248986089,51.46802850880284,Waste,Cardiff,Cardiff,6
Coli Isaf Farm Landfill,-3.313078102736012,51.71048505333492,Waste,Merthyr Tydfil,Glamorgan,1
Coli Isaf Landfill,-3.3129451676661645,51.70989308805509,Waste,Merthyr Tydfil,Glamorgan,1
Colin Richardson Recycling Centre,-2.9620393925205093,51.62467101698355,Waste,Newport,Gwent,6
Colomendy Waste Transfer Station,-3.417552897363065,53.19549750338603,Waste,Denbigh,Denbighshire,7
Connah's Quay Power Station,-3.0741257542987217,53.22696519202441,Installation,Connah's Quay,Flintshire,3
Coomb Farm,-4.410202383961897,51.80236604946106,Waste,Carmarthen,Carmarthenshire,1
Coombe Farm,-2.775715620910441,51.63486189379289,Installation,Chepstow,Monmouthshire,1
Copart U K - Prince William Avenue,-2.9875700536853924,53.19820241558749,Waste,Chester,Flintshir,2
Cott Wrexham (Calypso) Manufacturing Site,-2.9250870824310216,53.03748075030856,Installation,Wrexham,Wrexham,1
Court House Farm,-4.945262312299014,51.922433487039136,Waste,Letterson,Pembrokeshire,1
Court Road Civic Amenity Site,-3.262507531775083,51.41053139326381,Waste,Barry,South Glamorgan,1
Cox Skip And Waste Management Ltd,-3.6837081149941766,51.5241599543676,Waste,Pyle,Bridgend,7
Crane Cross Civic Amenity & Recycling Centre,-4.726200881878525,51.70193649304027,Waste,Saundersfoot,Pembrokeshire,7
Creigiau Tyres,-3.3297615550961432,51.55966657290502,Waste,Pontypridd,R C T,6
Cribarth Quarry,-3.5335244968205024,52.16027832383852,Waste,Builth Wells,Powys,1
Croes Cwtta Landfill Site,-3.5637351921509466,51.46113998260239,Waste,St Brides Major,Bridgend,1
Croescarneinon Farm Landfill,-3.0791851853247043,51.5656920484649,Waste,Newport,Gwent,1
Croft y Lloi Poultry Unit,-2.782658075756735,51.77777811026226,Installation,Monmouth,Monmouthshire,1
Cross Hands Meat Processing Plant,-4.0784800905381,51.791138661603625,Installation,Cross Hands,Carmarthenshire,2
Crownhill Topsoil and Aggregates,-2.7748664824313884,51.62488699108642,Waste,Caldicot,Monmouthshire,3
Crugeran Poultry Unit,-4.609744831262336,52.85740796542125,Installation,Pwllheli,Gwynedd,1
Curvolt Ltd,-3.087761841577853,51.52969976812211,Installation,Cardiff,Cardiff,1
Cwm Farm Free Range Poultry,-3.38932150362168,52.5484638456781,Installation,Newtown,Powys,1
Cwm Nant-yr-odyn,-3.177851201099632,51.650892736818655,Waste,Blackwood,Caerphilly,4
Cwm Quarries,-3.337941578979809,52.16747878661274,Waste,Builth Wells,Powys,1
Cwmafan Broiler Unit,-3.518826021111126,52.1867228857052,Installation,Builth Wells,Powys,1
Cwmamman Depot,-3.921128118820007,51.806396254456736,Waste,Ammanford,Carmarthenshire,6
Cwmbran Service Centre,-3.031675563684641,51.65676401193557,Waste,Cwmbran,Torfaen,3
Cwrt Y Plyffin Landfill,-3.317910717569915,51.97877307441613,Waste,Brecon,Powys,1
Cwrt Y Plyffin Landfill,-3.317910453722064,51.97876408607132,Waste,Brecon,Powys,6
Cymru Lan,-4.2842750614278025,53.218017170377045,Waste,Gaerwen,Ynys Mon,6
Dan Y Parc Council Depot,-3.736971714849849,51.79403838695652,Waste,Abercrave,Powys,7
Dandy's Topsoil,-2.9518195127482025,53.20617022908302,Waste,Chester,Flintshire,1
Daniel Lee Vaughan T/A K Vaughan Metals,-3.544118433789488,52.43199376112667,Waste,Llanidloes,Powys,2
David Neil,-3.744696573530789,53.19871528729091,Waste,Abergele,Conwy,4
Davies Skips Ltd,-3.809277033963357,51.66212074278175,Waste,Neath,N P T,1
Ddole Farm EPR/BV5220IH,-3.281197260564971,52.34038286871205,Installation,Llandrindod Wells,Powys,1
Deeside Engine Casting Plant,-3.0276496864630307,53.23160002535272,Installation,Deeside,Flintshire,3
Deeside Motorcycles,-3.0550313335840444,53.22106804368275,Waste,Connahs Quay,Deeside,2
Deeside Paper Mill,-3.019055777551364,53.2204732592278,Installation,Deeside,Flintshire,3
Deeside Power Station,-3.053916657676327,53.23361791054762,Installation,DEESIDE,Flintshire,2
Delyn Metals Ltd,-3.338656985121558,53.33826390393168,Waste,Holywell,Flintshire,3
Denbigh Bolus Plant EPR/JP3535SG,-3.4182990472215646,53.19316030322003,Installation,Denbigh,Clwyd,1
Denbigh Civic Amenity Site,-3.414540154263071,53.18992378306633,Waste,Denbigh,Denbighshire,7
Derwen Aggregates Ltd,-3.83729363228961,51.65341273288742,Waste,Neath,West Glam,3
Diggers Dismantlers,-3.136154425805391,51.47573942502353,Waste,Cardiff,Glamorgan,5
Dinas Community Recycling Centre,-3.4227019380112704,51.6144522928596,Waste,Porth,Rhondda Cynon Taff,7
Dirtbusters Mini & Midi Skips,-3.5083006527247558,53.30932477965626,Waste,Kinmel Bay,Conwy,7
Distribution Way EPR/DP3832EF,-3.232621060127169,51.62802201092597,Installation,Hengoed,Caerphilly,1
Docks Way Landfill,-3.0058408351355026,51.56721597724936,Waste,Newport,Gwent,2
Dolau Growers EPR/HP3036ME,-3.259392022925045,52.29620305387812,Installation,Llandridnod Wells,Powys,2
Dolau Jenkin Poultry Unit,-3.3060585576195507,52.276959151249294,Installation,Llandrindod Wells,Powys,1
Dolidre Farm,-3.3123408314671487,52.30156034891176,Installation,LLANDRINDOD WELLS,Powys,1
Dolwen Abattoir EPR/GP3235GH,-3.4801766142431023,52.457005859710016,Installation,LLANIDLOES,Powys,3
Dolyhir & Strinds Quarries,-3.114094335731446,52.21989370618698,Waste,Old Radnor,Presteigne,1
Domgay Hall Broiler Unit,-3.070731286047968,52.76656636618527,Installation,Llanymynech,Powys,1
Dow Corning Ltd,-3.2446388296415942,51.4090949982772,Waste,Barry,Glamorgan,1
Dow Corning Waste Transfer Station,-3.243619127489991,51.405958599473465,Waste,Barry,Glamorgan,6
Dowlais Slaughterhouse EPR/AP3433ES,-3.332524419885906,51.77031235061555,Installation,Merthyr Tydfil,South Wales,2
Dragon Works,-2.9350943502514912,53.17724057260189,Waste,Chester,Cheshire,6
Drefor Broiler Unit,-3.224961437729816,52.49360351291019,Installation,Newtown,Powys,1
Dyfed Recycling Services,-4.130272223557306,51.69159006531972,Waste,Llanelli,Carmarthenshire,5
Dyfi Skips,-3.891236226216214,52.574998679647415,Waste,Machynlleth,Powys,3
E & J Autospares Ltd,-3.918214869354787,51.65736987719934,Waste,Llansamlet,Swansea,4
E.J. Metals Recycling Ltd,-4.120814115840752,52.15373083753036,Waste,Lampeter,Ceredigion,3
EV Recycling,-4.116594793457682,51.69615385174786,Waste,Llanelli,Carmarthenshire,2
East Moors Waste Transfer Station,-3.1588775729714005,51.47465378185569,Waste,Cardiff,Cardiff,6
Edwards Coaches,-3.3313782535747816,51.55871307643149,Waste,Pontypridd,R C T,4
Elis UK Limited,-2.6694635547706023,51.63236897947212,Waste,Chepstow,Monmouthshire,5
Enersys Newport,-2.972685533660113,51.56856555024462,Installation,Newport,Newport,4
Enviroclear Site Services Limited,-3.0267365913251862,53.01096349801296,Waste,Wrexham,Clwyd,1
Enviroventure Waste Solutions Ltd,-4.995257677133142,51.71584077541406,Waste,Milford Haven,Pembs,4
Enviroventure Waste Solutions Recycling Facility,-4.995257677133142,51.71584077541406,Waste,Milford Haven,Pembrokeshire,7
European Metal Recycling Ltd,-3.148849395263474,51.469806933246616,Waste,Cardiff,Glamorgan,4
European Metal Recycling Ltd,-3.148828738463493,51.47013084456603,Waste,Cardiff,Glamorgan,3
Europest Environmental Services Ltd,-3.234007217939236,51.57687119098945,Waste,Caerphilly,Caerphilly,1
Events Parking Area,-3.901994775935693,52.83158027738374,Waste,Ganllwyd,Gwynedd,1
Ewloe Waste Transfer Station,-3.083420647073597,53.18690560970288,Waste,Mold,Flintshire,7
Farmers Boy (Deeside) Ltd,-3.0234174752378222,53.23631084077809,Installation,DEESIDE,Clwyd,2
Feedstock Processing Centre,-4.608251430377652,53.29918184288756,Installation,Holyhead,Isle of Anglesey,1
"Felindre, Gas Compressor Station",-3.955231073315362,51.69137093694456,Installation,SA5 7LX,West Glamorgan,1
Felinfach Effluent Treatment Plant,-4.17194677779322,52.19987311929875,Installation,Lampeter,Ceredigion,2
Fenton Home Farm,-4.919199559902213,51.81912556608314,Installation,Haverfordwest,Dyfed,1
Ferndale Community Recycling Centre,-3.4566271591038222,51.66713338737379,Waste,Ferndale,R C T,1
Ferry Road Landfill,-3.192072924849854,51.45444872240708,Waste,Cardiff,Glamorgan,1
Fford Fawr Farm EPR/KP3336MP,-3.1802944923444247,52.05093936518651,Installation,Hereford,Herefordshire,2
Ffridd Rasus Landfill,-4.112787742544693,52.88338084936155,Installation,Harlech,Gwynedd,10
Ffridd Rasus Landfill Site,-4.115367287249588,52.88293930736614,Waste,Harlech,Gwynedd,1
Ffridd Rasus Waste Management Facility,-4.112746687017449,52.883453508043445,Waste,Harlech,Gwynedd,8
Ffrwdgrech Depot,-3.4080627033152804,51.94332826228501,Waste,Brecon,Powys,2
Five Fords WWTW Gas to Grid Facility,-2.946552437391171,53.054014202342096,Installation,Wrexham,Wrexham,4
Five Lanes Transfer Station And H W R C,-2.8049905890229025,51.615333115574536,Waste,Caldicott,Monmouthshire,1
Flint Paper Mill EPR/BJ9703IM,-3.145544974690765,53.25371736063136,Installation,Flint,Flintshire,2
Flintshire Commercial Dismantlers,-3.20689622821998,53.28991417182325,Waste,Holywell,Flintshire,2
Flintshire Commercial Dismantlers,-3.205998773979045,53.2910738817984,Waste,Holywell,Flintshire,4
Flintspeed Car & Commercial Dismantlers,-3.220762605688918,53.29480701536862,Waste,Holywell,Flintshire,5
Fordpad Scrap,-3.811744207922767,51.65437633509802,Waste,Neath,N P T,2
Former J R Steelworks,-3.970304751697868,51.67698291639208,Waste,Swansea,West Galmorgan,3
Former Morlais Colliery,-4.064866577016646,51.703234731797046,Waste,Llanelli,Carmarthenshire,3
Four Crosses Farm,-3.175133628573981,52.8007107823031,Installation,OSWESTRY,Shropshire,1
Fred Lloyd & Sons Ltd,-3.016453585148093,51.69360016129466,Waste,Pontypool,Gwent,5
Fred Lloyd & Sons Ltd,-3.016365182209766,51.69352899442452,Waste,Pontypool,Gwent,2
Fron Bella Broiler Unit,-3.645980436574447,53.05841990810175,Installation,Betws Y Coed,Conwy,1
Fron Haul Quarry,-3.259774798910578,53.22399634657815,Waste,Mold,Flintshire,1
Frongoch Lead Mine,-3.8784054627062727,52.35327261717052,Waste,Aberystwyth,Ceredigion,1
Full Moon Waste Transfer Station,-3.139223942253792,51.61554103415215,Waste,Newport,Caerphilly,1
G D Environmental Services Ltd,-2.974585897054226,51.566346824305626,Waste,Newport,Gwent,7
G Davies Skip Hire,-3.7670153732699663,51.61200328336094,Waste,Port Talbot,N P T,7
G Lock Scrap Metal Processors,-4.110522829512761,53.21841744070008,Waste,Bangor,Gwynedd,4
G O N Granite,-3.3556617092345937,53.141624061748,Waste,Denbigh,Denbighshire,1
G P Motorcycles,-3.348864977247941,51.595362163747765,Waste,Pontypridd,R C T,5
GLJ Recycling,-3.1330837977165804,51.63402440937772,Installation,Newport,Caerphilly,1
GP Biotec Ltd,-3.2251923798348123,52.00705374930046,Installation,Brecon,Powys,6
GP Biotec Waste Storage,-3.230258965921468,52.00905091776419,Waste,Brecon,Powys,1
Gardden Claypit 1 Midlands,-3.043079379477904,52.99518837627362,Waste,Wrexham,Clwyd,1
Garngoch Civic Amenity Site,-3.65257214564536,51.65105085831103,Waste,Garngoch Ind Est,Llansamle,4
Garth Isaf Farm,-3.306105810436688,51.54969054581453,Waste,Pontypridd,Rhondda Cynon Taf,6
Gate 1,-4.95141607100233,51.69407966204191,Waste,Pembroke Dock,Pembroke,5
Gaufron Farm,-3.4059512804803034,52.20052103081386,Installation,Llandrindod Wells,Powys,1
Gelert House M R F,-4.146384802913983,52.93192306659615,Waste,Porthmdaog,Gwynedd,1
Gelli C A Site,-3.477854743287885,51.64180766593602,Waste,Gelli,Mid Glamorgan,1
Gellia Ar Gwellt Uchaf Farm Landfill  No 1,-3.2672664525626853,51.66016723667417,Waste,Hengoed,Caerphilly,1
Gellia'r-gwellt Uchaf Transfer & Composting Station,-3.2679118337728847,51.65998043464665,Waste,Hengoed,Caerphilly,9
Gelliargwellt Uchaf Farm 2 Landfill,-3.269104776433325,51.65455452624578,Waste,Hengoed,Caerphilly,1
Gelling Fibre Plant EA/EPR/NP3433BC/V003,-3.296899258351464,51.76621509679411,Installation,Tredegar,South Wales,1
Genauhafod Poultry Unit,-3.321140259985829,52.48114139487843,Installation,Newtown,Powys,1
Gene Metals,-3.3312132354575046,51.592569442698526,Waste,Pontypridd,R C T,1
Giants Grave Landfill,-3.831595503585013,51.64726112923357,Waste,Neath,N P T,1
Gibbon Equipment Hire Ltd,-3.243026716433011,51.65773784159556,Waste,Blackwood,Caerphilly,1
Glan Dwr Poultry Farm EPR/MP3538WD,-4.240595968094844,53.2194582002521,Installation,GAERWEN,Gwynedd,2
Glan Y Don Depot,-4.402790745713794,52.89145991135369,Waste,Pwllheli,Gwynedd,1
Glan Yr Afon Civic Amenity Site,-4.047615571719817,52.40131672835314,Waste,Aberystwyth,Ceredigion,7
Glan Yr Afon Waste Transfer Station,-4.047895901685824,52.40133884490716,Waste,Aberystwyth,Ceredigion,7
Glangwden Poultry Unit,-3.531986097061653,52.48676181863073,Installation,Caersws,Powys,1
Glanyrafon Depot,-4.037849028123627,52.40406613334658,Waste,Aberystwyth,Ceredigion,7
Glascoed Munitions Factory,-2.9539245116499586,51.71294376271884,Installation,Usk,Monmouthshire,2
Global Spares Limited,-3.4524858788995263,51.63214327337628,Waste,Tonypandy,Rhondda Cynon Taf,1
Globe Way Recycling Park,-3.066451517932248,53.1767390127753,Waste,Buckley,Flintshire,1
Glogue Quarry Landfill,-4.591070630427419,51.96473579385971,Waste,Hermon,Pembrokeshire,1
Glogue Quarry Transfer Station,-4.596551568535643,51.96334696871682,Waste,Hermon,Pembrokeshire,1
Gmh Vehicle Dismantlers,-3.110837180024874,51.49633063458251,Waste,Cardiff,Glamorgan,5
Gofer Bulking Station,-3.5462214969466195,53.28460303666699,Waste,Abergele,Conwy,4
Gower Chemicals Ltd,-3.8879394609058,51.621522521438514,Waste,Swansea,West Glamorgan,4
Great Tyrmynach,-2.875538341462077,51.768671070089134,Installation,USK,Monmouthshire,2
Green Skips Environmental Ltd,-4.283494873057895,53.21827488321618,Waste,Gaerwen,Ynys Mon,7
Green Steel Works Ltd,-3.287509766989697,51.75453935793208,Waste,Tredegar,Caerphilly,1
Greenacres Skip Hire,-5.006801324084675,51.97216751942795,Waste,Fishguard,Pembrokeshire,6
Greenfield Recycling Park,-3.190688363185223,53.28485435808253,Waste,Greenfield,Flintshire,7
Greenway Farm,-3.327292388667097,51.93460113032031,Installation,Brecon,Powys,1
Griffiths Waste Solutions,-4.958976031768291,51.82596420833536,Waste,Haverfordwest,Pembs,1
Groes Y Garreg,-3.225495507358494,52.61599298823518,Installation,Welshpool,Powys,1
Grove Farm Autos,-3.502456439775416,51.73148619558427,Waste,Aberdare,R C T,5
Gwalchmai Civic Amenity Site,-4.42887431753649,53.26038133223332,Waste,Holyhead,Ynys Mon,14
Gwent Demolition & Construction Ltd,-3.741298737371724,51.537050275691584,Waste,Kenfig,N P T,2
Gwrtaith Gwynedd,-4.296936020218643,52.91412732072606,Waste,Pwllheli,Gwynedd,7
Gwrthwynt Waste Transfer Station,-4.499448505074015,52.09263366525518,Waste,Newcastle Emlyn,Ceredigion,7
Gwynedd Council,-3.8777350350104,52.74646434304992,Waste,Dolgellau,Gwynedd,7
Gwynedd Skip And Plant Hire Ltd,-4.246187699363117,53.14023354505074,Waste,Caernarfon,Gwynedd,6
Gwynt Y Mor Poultry Farm EPR/SP3438WP,-4.461597407789613,53.25942207966595,Installation,HOLYHEAD,Gwynedd,2
H K Motors,-3.0867454127857914,53.05313952493408,Waste,Minera,Wrexham,4
"H K Motors, Ruabon",-3.0430217862213995,52.998362202916425,Waste,Wrexham,Clwyd,2
Hafod Garage Waste Transfer Station,-3.158766763163941,51.80413663162842,Waste,Brynmawr,Blaenau Gwent,1
Halfway Motor Spares,-4.993171336449744,51.76225781377132,Waste,Haverfordwest,Pembrokeshire,6
Hammond Poultry,-3.392297799145173,52.246339321877215,Installation,LLANDRINDOD WELLS,Powys,1
Hangar 208,-3.441497289489845,51.40965302734521,Waste,Barry,Vale of Glamorgan,7
Harp International Limited Gellihirion Hazardous Waste,-3.2938895244769077,51.58169315788914,Installation,Pontypridd,Rhondda Cynon Taff,1
Harris Salvage,-4.145002897853335,53.20579904977922,Waste,Bangor,Gwynedd,4
Haverfordwest Creamery,-4.97556908396336,51.79144954619896,Installation,HAVERFORDWEST,Dyfed,2
Hendre Poultry Unit,-3.250084807285526,52.42900439673139,Installation,Knighton,Powys,1
Hendreboeth,-3.154835652470375,52.75903473270825,Installation,Welshpool,Powys,1
Hendy Quarry Landfill,-3.3647680996024683,51.519978593056976,Waste,Pontyclun,R C T,1
Hendy Recycling,-3.3634019025326074,51.521046548591016,Waste,Pontyclum,Mid Glamorgan,6
Henllys,-3.64802294697479,53.19583988388216,Waste,Conwy,Conwy,1
Heol Ty Gwyn Civic Amenity Site,-3.671220023301244,51.61293897345138,Waste,Bridgend,Glamorgan,2
Hermon Civic Amenity and recycling centre,-4.630483223056808,51.95833061347621,Waste,Crymych,Pembrokeshire,5
Highfield Poultry Farm,-4.099283842670473,51.5837599723096,Installation,SWANSEA,West Glamorgan,1
Hirwaun Materials Recovery Facility,-3.538726072727826,51.74882059312808,Installation,Aberdare,Rhondda Cynon Taff,1
Hirwaun OCGT Plant,-3.5406522233619784,51.74497382061282,Installation,Aberdare,RCT,1
Hoseley Bank Farm EPR/EP3932CC,-2.9451920603684765,53.079105452771245,Installation,WREXHAM,Clwyd,1
Hydro Wrexham Scrap Hub,-2.910731940607106,53.044881968746616,Waste,Wrexham,Wrexham,2
Hydrogen Production Facility,-3.8169241911549534,51.61580927579296,Installation,Baglan,Neath Port Talbot,1
Hyppo Hydrogen Solutions Bay Studios,-3.874895269871167,51.62294560700629,Installation,Swansea,Neath Port Talbot,1
I Hayward Ltd,-3.043213230070392,52.99765034642283,Waste,Wrexham,Clwyd,4
I T Williams Ltd,-3.3142580461355786,53.11939853348492,Waste,Ruthin,Denbighshire,1
IQE (Europe) Ltd,-3.0857697013739918,51.530797240837536,Installation,Cardiff,South Wales,2
J & A Metals Recycling Centre,-4.06592912651687,51.78208881618642,Waste,Crosshands,Carmarthenshire,6
"J A Bowen & Co, Landfill",-3.263158626072353,52.6482410307065,Waste,Welshpool,Powys,1
J Chadwicks Scrapyard,-2.9954575714154608,53.19878398719676,Waste,Deeside,Flintshire,3
J H Evans & Sons,-3.9446592189649934,53.000839978953096,Waste,Blaenau Ffestiniog,Gwynedd,1
J Pesci & Sons Ltd,-3.2002748365996703,51.56894866064084,Waste,Caerphilly,Glamorgan,2
J Reid Trading Ltd EPR/MP3531MD/V003,-3.000564762157381,53.20081771373781,Installation,DEESIDE,FLINTSHIRE,2
JD Jones Recycling,-4.92825899466323,51.69539716180284,Waste,Pembroke Dock,Sir Benfro,1
JR Works,-3.968700002419287,51.67700084290089,Waste,Langyfelach,Swansea,1
Jab 93,-3.560009943432413,51.515655543761866,Waste,Bridgend,Glamorgan,4
Jay Metals,-4.511992885638854,51.96216986280802,Waste,Llanfyrnach,Pembrokeshire,4
Jayplas,-4.033943027841067,51.67817281686009,Waste,Swansea,Swansea,5
Jensons Metals,-4.956293158499488,51.695854644439656,Waste,Pembroke Dock,Pembrokeshire,4
Jukes Landfill,-3.1594110790958507,51.72124674299013,Waste,Aberbeeg,Blaenau Gwent,1
K & L Car Dismantlers,-3.096292734955997,51.5061517247545,Waste,Cardiff,Glamorgan,2
K G Matthews Auto Salvage,-4.28715187170272,53.22927245300479,Waste,Gaerwen,Ynys Mon,5
K M Environmental Ltd,-3.422702297968371,53.263262635085454,Waste,St Asaph,Denbighshire,5
KDK Metals Unit,-2.974860165444288,51.56567916305008,Waste,Newport,Newport,3
KLA Corporation UK Limited,-2.9231228428020364,51.60052649776531,Installation,Newport,Newport,1
Kelloggs,-2.914082818278496,53.0481553748533,Installation,Wrexham,Wrexham,3
Kings Dock,-3.90668904139224,51.61734366836024,Waste,Swansea,Swansea,4
Kingsbridge Auto Parts,-4.0351362141730895,51.663170625527854,Waste,Gorseinon,Swansea,2
Kingswood Farm Landfill,-3.1126698976243854,52.6080806112608,Waste,Welshpool,Powys,1
Kinmel Park Depot,-3.509223388399463,53.2644189620946,Waste,Bodelwyddan,Denbighshire,7
Kittle Hill Poultry Farm,-4.0626675167473545,51.58800654922809,Installation,SWANSEA,West Glamorgan,2
L C C Wales Ltd,-3.551601758483723,51.747473334148594,Waste,Aberdare,R C T,7
LAS Waste Ltd.,-4.078011150869719,52.121411723503975,Waste,Lampeter,Ceredigion,7
LCS Scrap Metals,-4.7506272368024405,51.73260125568773,Waste,Kilgetty,Pembrokeshire,1
Lamby Way Depot,-3.12417711915216,51.49810077787642,Waste,Cardiff,Glamorgan,20
Land Off Trostre Link Road,-4.130599119736404,51.67729487171214,Waste,Llanelli,Carmarthenshire,1
Land at Ystrad Road known as the former dog track,-4.002309898065702,51.64737777720919,Waste,Swansea,Swansea,1
Landfarm 7,-5.072667571551059,51.73851096903304,Waste,Milford Haven,Pembrokeshire,1
Langdon Farm,-4.756989310854354,51.72933130103317,Installation,Kilgetty,Pembrokeshire,1
Las Waste Transfer Station,-4.924286164078045,51.69640458714174,Waste,Pembroke Dock,Pembrokeshire,1
Lawn Civic Amenity Site,-3.2830849488703917,51.75739313482149,Waste,Tredegar,Gwent,1
Lawrence Landfill,-4.99182558403089,51.76973907051027,Waste,Haverfordwest,Pembs,3
Lechwedd Slate Mines,-3.934671328927833,53.00210881181686,Waste,Blaenau Ffestiniog,Gwynedd,1
Legacy Car Dismantlers,-3.0615988454643888,53.02188528101224,Waste,Wrexham,Clwyd,2
Lelo Metal Recycling Ltd,-3.393414127000707,53.03262768713895,Waste,Corwen,Denbighshire,3
Lixwm Poultry Farm EPR/MP3338WV,-3.2495708894251685,53.23828909674732,Installation,HOLYWELL,Clwyd,2
Llanddulas Composting Facility,-3.647074804865345,53.2799890432406,Waste,Conwy,Clwyd,4
Llanddulas Quarry Waste Treatment Centre,-3.6573478652732496,53.28886343549429,Waste,Abergele,Conwy,11
Llandow Household Waste Recycling Centre,-3.5067779437076907,51.43329068415144,Waste,Llandow,Glamorgan,1
Llandow Metals Ltd,-3.5085776742808616,51.43770071182419,Waste,Cowbridge,Vale of Glamorgan,4
Llandrindod Wells Household Waste Recycling Centre,-3.3797604502196394,52.24684620599356,Waste,Llandrindod Wells,Powys,1
Llandygai Civic Amenity Site,-4.108673952138301,53.21737131827235,Waste,Bangor,Gwynedd,7
Llandygai Transfer Station,-4.111799671027815,53.220013111002885,Waste,Bangor,Gwynedd,1
Llanelli Plant,-4.0912232745825,51.66906421907374,Installation,LLANELLI,DYFED,1
Llanelli Tin Recovery Works,-4.158902795884996,51.6690081478038,Installation,LLANELLI,DYFED,2
Llanfechain Farm Poultry Unit,-3.1920894135933966,52.77527969847888,Installation,LLANFECHAIN,Powys,2
Llanfoist Waste Transfer Station,-3.021865079255181,51.81297705926055,Waste,Abergavenny,Monmouthshire,6
Llangefni Dairy,-4.312729213055285,53.248738365159234,Installation,Llangefni,Anglesey,3
Llangefni prepared meats,-4.30709208709317,53.24983664701499,Installation,LLANGEFNI,Gwynedd,1
Llansantffraid Mill,-3.156185737293232,52.774196713040425,Installation,Llansantffraid Ym Mechain,Powys,2
Llanshay Farm,-3.026229801129524,52.338350963403286,Installation,Knighton,Powys,1
Llantrisant Autos,-3.400809754359608,51.55311181665503,Waste,Llantrisant,R C T,2
Llanwern Hydrogen Plant EPR/BL2459IC,-2.901741783570991,51.57075076105696,Installation,Newport,Newport,1
Llanwern Landfill : South Side Of Queensway,-2.902343071749336,51.57124067646086,Waste,Newport,Gwent,1
Llanwern Steelworks EPR/BS3905IP,-2.9379285811662323,51.5763116084351,Installation,Newport,South Wales,3
Llanwern Works East,-2.8739008727627446,51.57411748784078,Waste,Newport,Gwent,1
Llanwern Works Inert Waste Recycling Facility,-2.919769661325115,51.570341067297136,Waste,Llanwern,Newport,4
Llay Depot,-3.014749084234377,53.09903738047014,Waste,Llay,Wrexham,1
Llwyn Fynwent,-4.059313519382949,52.31440727654307,Waste,Aberystwyth,Ceredigion,4
Llwyn Isaf Anaerobic Digestion Plant,-4.310349739036125,53.01484749246483,Waste,Near Caernarfon,Gwynedd,3
Llwyn Isaf Landfill And Transfer Station,-4.311040563922913,53.01605685987266,Waste,Caernarfon,Gwynedd,1
Llysonnen Mill,-4.349274580758545,51.85132431627199,Installation,CARMARTHEN,Dyfed,1
Lodge Farm Digester,-2.9224735049607022,53.0826997340672,Waste,Wrexham,Clwyd,4
Longlands Quarry,-3.545952696709976,51.48400033411213,Waste,Bridgend,Mid Glamorgan,1
Longlife Spares,-3.2320728410489625,51.60938785824782,Waste,Llanbradach,Caerphilly,2
Longships Road,-3.147586913694548,51.45965842892306,Waste,Cardiff,S Glamorgan,6
Lovatt Brothers,-3.218768187044424,52.52051294583643,Waste,Montgomery,Powys,7
Lower Pentwyn,-2.96151204564007,51.74992647079589,Installation,ABERGAVENNY,Gwent,2
Lower Trederwen Farm Broiler Unit,-3.0862980590588664,52.73518464424332,Installation,Llanymynech,Powys,1
M & E Bin Hire,-3.325658245387074,51.59862091048417,Waste,Pontypridd,R C T,4
M & R Commercials Vehicle Dismantling & Recycling Facility,-3.989923956467463,51.64114978852754,Waste,Swansea,W Glamorgan,4
MJ Rubbish Removals Ltd,-2.9612683723909283,51.62441657855192,Waste,Newport,Newport,1
MTCBC Waste Transfer Station,-3.353316020304926,51.71826475711868,Waste,Pentrebach,Merthyr Tydfil,7
Machen Quarry,-3.1258881720907974,51.59084363475111,Waste,Machen,Caerphilly,1
Maelor Foods Limited,-2.9175068565403413,53.0141129869288,Installation,Wrexham,Wrexham,3
Maes Mynan Quarry,-3.321801421401522,53.23852561336364,Waste,Mold,Clwyd,1
Maes Mynan Quarry,-3.317282569375716,53.23775760869111,Waste,Mold,Clwyd,3
Maes Y Grug Landfill,-3.104398087932897,53.18439369057763,Waste,Mold,Flintshire,1
Maesgwyn Renewable Energy & Recycling Centre,-3.6393329192897,51.76517403643534,Waste,Neath,N P T,2
Maesmawr Hall Poultry Unit EPR/BP3739UZ,-3.232372969484378,52.6793927753843,Installation,WELSHPOOL,Powys,2
Magor Brewery EPR/BX7282IS,-2.8442757896456614,51.58421613560685,Installation,Caldicot,Monmouthshire,3
Maindiff Court Farm,-2.998730614091905,51.82820031225082,Waste,Abergavenny,Monmouthshire,2
Major Motors Services Ltd,-3.20053423851408,51.47358717395738,Waste,Cardiff,Glamorgan,2
Manorowen Civic Amenity and recycling centre,-5.007857643564131,51.98054064875524,Waste,Fishguard,Pembrokeshire,5
Margam Gases,-3.747049052938195,51.56030885544383,Installation,PORT TALBOT,WEST GLAMORGAN,1
Margam Green Energy Plant,-3.746990995154501,51.562557798859785,Installation,Port Talbot,Neath Port Talbot,1
Marian Ffrith Landfill,-3.3923304542996187,53.29245059264963,Waste,Dyserth,Denbighshire,1
Materials Recovery & Energy  Centre,-3.880821420890643,51.62406475543487,Waste,SWANSEA,West Glamorgan,7
Meadowbank Poultry Farm,-2.951782710679567,51.72123323965442,Installation,Usk,Monmouthshire,2
Mekatek Ltd,-4.323858897976117,51.84955428438084,Waste,Johnstown,Carmarthenshire,8
Mekatek Ltd,-3.281996809101182,51.75222585255823,Installation,Rhymney,Caerphilly,27
Melin Plas Du,-4.377021789488924,52.937250415545655,Waste,Pwllheli,Gwynedd,7
Merthyr Borough Recycling Centre Ltd-transfer Station,-3.3350098451162,51.77055389146848,Waste,Merthyr Tydfil,Glamorgan,1
Milford Haven Ceramics EPR/BW0886IZ,-5.030795841620166,51.72177310588592,Installation,MILFORD HAVEN,Dyfed,2
Milford Haven Energy,-4.995276467827361,51.70561413136972,Installation,MILFORD HAVEN,DYFED,2
Milford Haven Refinery,-5.064432268992701,51.735200515793146,Installation,Pembrokeshire,Dyfed,7
Min Y Clwyd Yard,-3.312044096705876,53.119809514576765,Waste,Ruthin,Denbighshire,7
Minafon Poultry Farm EPR/UP3938WC,-4.381254553002863,53.24370218519791,Installation,BODORGAN,Gwynedd,2
Miner's Road Depot,-3.014596463624215,53.09953309916119,Waste,Wrexham,Clwyd,2
"Minffordd Farm,",-3.461601485207604,52.68676641730568,Installation,Welshpool,Powys,2
Minffordd Quarry and Asphalt Plant,-4.096475114767817,52.930324057363904,Waste,Penrhyndeudraeth,Gwynedd,2
Mitchell Troy Household Waste Recycling Centre,-2.715359558266889,51.80162904391139,Waste,Monmouth,Monmouthshire,7
Mochdre Civic Amenity Site,-3.75925045626846,53.29811027756282,Waste,Colwyn Bay,Conwy,3
Moel Garregog,-3.183946197370941,53.05967307022861,Waste,Wrexham,Clwyd,1
Moel Y Faen Quarry,-3.2209246652106724,53.02121902857128,Waste,Llangollen,Denbighshire,5
Mold Recycling Park,-3.13166182007356,53.14621145981676,Waste,Mold,Flintshire,1
Monometals Ltd,-2.988329625435049,51.572732819996894,Waste,Newport,Newport,4
Moorland Environmental Ltd,-3.148056313647611,51.47893249585928,Waste,Cardiff,South Glamorgan,1
Morfa Non-Hazardous Landfill,-3.760285971669546,51.56685521127891,Installation,PORT TALBOT,West Glamorgan,1
Morfa Tip Closed Landfill Site,-3.7663286996694936,51.54369901756162,Waste,Port Talbot,N P T,1
Mynydd Llan Poultry Farm EPR/UP3138WD,-3.275482303751036,53.24295876202616,Installation,HOLYWELL,Clwyd,2
Nant Coed Farm Poultry Unit,-4.229290051897808,51.83283385488587,Installation,Nantycaws,Carmarthenshire,1
Nant Glas  Incinerator,-3.4863482276801765,52.265089465264,Waste,Llandrindod Wells,Powys,1
Nant Y Garth Landfill Site,-4.177687832944622,53.19005658436173,Waste,Portdinorwic,Gwynedd,1
Nant Y Gwyddon  Landfill,-3.4737854116013502,51.638432900175125,Waste,Pentre,R C T,1
Nant-y-Corddi Poultry Farm,-3.143998144135675,52.300038740365096,Installation,KNIGHTON,Powys,2
Nant-y-caws Landfill Site (Phase 1 Effluent Treatment Plant),-4.217264858332711,51.830327551194685,Installation,CARMARTHEN,Dyfed,1
Nantfforch,-3.2631002954424884,52.64826862349256,Waste,Welshpool,Powys,1
Nantgarw  Enzyme Production Facility,-3.2707385333515493,51.56355782750771,Installation,Cardiff,Cardiff,1
Nantycaws H C I Transfer & Treatment Facility,-4.216411328710771,51.835703198978926,Installation,Carmarthen,Carmarthenshire,18
Nantycaws Landfill EPR/CP3735PB,-4.209562342433406,51.83604794880235,Installation,Carmarthen,Carmarthenshire,12
Nantycaws Landfill Phase 1,-4.218553440392109,51.83469159865116,Waste,Carmarthen,Carmarthenshire,1
National Engine Centre,-3.135466335774273,51.47586298613864,Waste,Tremorfa Ind Est,Cardiff,1
National Grid Electricity Distribution Bridgend,-3.571147125033321,51.50592116314418,Waste,Bridgend,Pen-y-bont ar Ogwr,1
National Grid Electricity Distribution Mill Brook Drive,-3.90508371586427,51.67210635579735,Waste,Swansea,Abertawe,2
National Grid Electricity Distribution Withybush,-4.963742099059942,51.82162600209498,Waste,Haverfordwest,Pembrokeshire,1
Natural U K Ltd Healthcare Management Facility,-4.040666469090143,51.78000338004399,Waste,Ammanford,Carmarthenshire,6
Neuadd Isaf Farm,-3.3253229508191886,52.25007746028184,Installation,Llandrindod Wells,Powys,2
Neville's Dock,-4.165601177479981,51.66845312340758,Waste,Llanelli,Carmarthenshire,5
Nevills Dock,-4.163025906525127,51.66994842313441,Waste,Llanelli,Carmarthenshire,1
New Horizon Biofuel and Animal  Bedding Co Ltd,-3.036984120269616,53.00072534429567,Waste,Wrexham,Wrexham,7
New Horizon Plastics Co Ltd,-3.134924097773052,53.2533964716396,Waste,Flint,Flintshire,10
New House Lagoon,-2.92962274973946,51.83847753397166,Waste,Abergavenny,Monmouthshire,1
New Vale HWRC,-3.2250475189236374,51.78752269431256,Waste,Ebbw Vale,Blaenau Gwent,8
Newport Ceramic Works EPR/BP3532HX,-2.948172871638913,51.56930571369725,Installation,Newport,South Wales,1
"Newport Liquid Waste Treatment Centre, Nash STW",-2.958192888417476,51.55178049675398,Waste,Newport,Newport,2
Newport Metal Site,-2.9875093831427124,51.56085274798091,Installation,Newport,Gwent,10
Newport Oil Treatment Plant,-2.980348516091363,51.56729688681256,Waste,Newport,Gwent,3
Newport Recycling Facility NRW/EPR/YP3135TE/V004,-2.943721268016944,51.57033068527887,Installation,Newport,South Wales,1
Newport Refrigerator Plant,-2.9859419181005733,51.56108173179479,Installation,Newport,Gwent,14
Newport Semiconductor Plant,-3.022689753540496,51.56580248840986,Installation,Newport,South Wales,3
Newtown Household Waste Recycling Centre,-3.2939717769489505,52.51876139586225,Waste,Newtown,Powys,1
Nine Mile Point Waste Transfer Facility,-3.1678566674302235,51.61464818635389,Installation,Newport,Caerphilly,8
Nis-Spec 1st,-3.1595034214777016,52.675309483364735,Waste,Welshpool,Powys,1
North Wales Skip Hire Ltd,-3.417200561042183,53.19389255000112,Waste,Denbigh,Denbighshgire,1
Norton Farm,-3.020445495840676,52.2866423470985,Installation,Presteigne,Powys,1
O J Jones & Son,-4.148744933408723,52.93270756197811,Waste,Porthmadog,Gwynedd,1
Oakdale Recycling Limited,-3.1360102619030865,51.643005763105855,Waste,Abercarn,Caerphilly,1
Oakenholt Household Waste Recycling Centre,-3.100390368128194,53.23533726444855,Waste,Flint,Flintshire,7
Oakenholt Mill EPR/BJ9681IX,-3.107171959508505,53.2362812482853,Installation,FLINT,CLWYD,3
Old Barry Sidings,-3.372510214497567,51.60962787939372,Waste,Pontypridd,Mid Glamorgan,2
Old Bridge Inn,-3.085108410728613,53.152982385022014,Waste,Mold,Flintshire,1
Old Crown Works,-3.8376597335250393,51.65424328527059,Waste,Neath,Neath Port Talb,3
Old Sawmills Waste Transfer Station With Treatment & Recycling Facility,-3.8909593561150593,51.9414694483469,Waste,Llangadog,Carmarthenshire,7
Olivers Sales & Rentals,-3.2313819873241805,51.66654652056396,Waste,Hengoed,Ystrad Mynach,4
Olleco Cymru Wales,-2.979196423853383,51.56739642466951,Waste,Newport,Newport,2
P Dobbins Chester Ltd,-2.945820393280779,53.17851324487341,Waste,Saltney,Flintshire,4
P M Dromgoole & Sons Agricultural Ltd,-3.0135329064896705,53.16099342173082,Waste,Nr Mold,Flintshire,1
Padeswood Cement Works,-3.0620088712329228,53.15497955063472,Installation,MOLD,CLWYD,35
Padeswood Landfill,-3.060756566637778,53.15089156436876,Waste,Mold,Flintshire,1
Palleg Landfill Phase II EPR/BT1908IX,-3.7865997013331385,51.788654590835584,Installation,Lower Cwmtwrch,SWANSEA,2
Pancross A D Plant,-3.3720436593068874,51.42438879306064,Installation,Barry,South Glamorgan,12
Pant Y Llandron,-3.3974356543368094,51.4561457537659,Waste,Cowbridge,Vale Of Glam,1
Pantile Autos,-3.4373299372345536,51.59926650596286,Waste,Tonypandy,R C T,2
Paperback Collection & Recycling Ltd,-3.0181030822153154,53.22450857751897,Waste,Deeside,Clwyd,14
Parc Adfer Energy Recovery Facility,-3.034678183432413,53.23728331664572,Installation,Deeside,Flintshire,10
Parc Gwynfryn Recycling Centre,-4.638889897419916,51.978772394144535,Waste,Crymych,Pembrokeshire,3
Parc Stormy Anaerobic Digestion Facility,-3.66958605437224,51.50695277121517,Installation,Bridgend,Mid Glamorgan,5
Parfitt Scrapyard,-3.170332559983658,51.7915059666264,Waste,Brynmawr,Blaenau Gwent,5
Parrys Quarry Waste Transfer & Reprocessing Centre,-3.0867809401022925,53.188403182557806,Waste,Mold,Flintshire,1
Pembrey Motor Racing Circuit,-4.321207354000538,51.7036811023594,Waste,Llanelli,Carmarthenshire,1
Pembroke Power Station,-5.00018696626738,51.68379516090136,Installation,PEMBROKE,Dyfed,1
Pembroke Refinery,-5.020934742047071,51.67965630991733,Waste,Pembroke,Pembrokeshire,2
Pembrokeshire Eco Park,-5.057927429558994,51.74290715380376,Waste,Milford Haven,Pembrokeshire,14
Pen Cae Poultry,-3.0723943201777826,52.647793068559466,Installation,Welshpool,Powys,1
"Pen Y Bont Scrapyard, Bala",-3.590007018330689,52.90307649804969,Waste,Bala,Gwynedd,4
Pen Y Palmant Farm,-3.0860005628483327,53.062675223033125,Waste,Wrexham,Wrexham,4
Pen Y Wain Farm,-3.059109491752106,51.533100126827264,Waste,Cardiff,Newport,4
Pen-y-bont Highways Depot,-3.29492925356146,52.26776723650562,Waste,Pen-y-bont,Llandrindod Wells,2
Penallta Civic Amenity Site,-3.244617910655469,51.65724442422589,Waste,Hengoed,Caerphilly,3
Pencefnarda Quarry,-4.055308882959502,51.6807592766161,Waste,Swansea,West Glamorgan,3
Pencoed EPR/BX9854IW,-3.4923247141080243,51.51769641048605,Installation,Pencoed,Mid Glamorgan,1
Pencoed Peaking Power Plant,-3.488264781950752,51.52181244122307,Installation,Bridgend,Bridgend,1
Pencoedcae Farm Landfill,-3.359048132520939,51.74141513920985,Waste,Merthyr Tydfil,Glamorgan,1
Pengam Partmart,-3.230385132419898,51.66444392448345,Waste,Hengoed,Caerphilly,4
Penhesgyn Gors Landfill (area 3),-4.200296816835241,53.2471275399903,Waste,Menai Bridge,Ynys Mon,1
Penhesgyn House Waste Recycling Centre,-4.19993666821435,53.244490933470495,Waste,Menai Bridge,Gwynedd,1
Penhesgyn Waste Transfer & Materials Recovery Facility,-4.198719617920321,53.2444324830692,Waste,Llansadwrn,Ynys Mon,6
Penlan Civic Amenity Site,-3.962345642660438,51.64845735304903,Waste,Penlan,Swansea,4
Penmaen Civic Amenity Site,-3.1848952749661907,51.65827594746738,Waste,Blackwood,Caerphilly,3
Penmaenmawr Quarry,-3.9400958507516304,53.25851669902567,Waste,Conwy,Gwynedd,1
Penpound Poultry Unit,-3.4312621961873893,52.22453747917218,Installation,Llandrindod Wells,Powys,1
Penrhos Depot Hazardous Waste Transfer Station,-4.363427876944736,52.08439815174946,Waste,Llandysul,Ceredigion,7
Penrhos Depot Landfill,-4.365178085874231,52.08437201884898,Waste,Llandysul,Ceredigion,1
Penrhyn Quarry,-4.068964695975341,53.17041789260461,Waste,Bangor,Gwynedd,1
Penrhyndeudraeth Works,-4.057821390501133,52.9278622606223,Waste,Penrhyndeudraeth,Gwynedd,10
Penstrowed Quarry,-3.3761243607694658,52.50846621431126,Waste,Caersws,Powys,3
Pentre Agrochemicals Plant EPR/FP3031CW,-3.0074604107379943,53.20120905642875,Installation,Deeside,Flintshire,1
Pentreucha Farm EPR/AP3230UK,-3.4404238487898624,52.67264107958809,Installation,Welshpool,Powys,1
Penycoed Landfill,-4.258424814155852,51.838707437010974,Waste,Carmarthen,Carmarthenshire,1
Perry Orchard Poultry Farm EPR/GP3936MK,-2.8606335035292574,51.830730808940814,Installation,Llantillio Crossenny,Monmouthshire,2
Pertheirin Free Range Poultry Init,-3.4630414635230333,52.52876705809017,Installation,Caersws,Powys,1
Pets At Rest,-4.150961370475261,52.01574022128674,Waste,Carmarthen,Carmarthenshire,1
Phase 2 Wrexham Recycling Park,-2.914893510567792,53.04276448354295,Installation,Wrexham,Clwyd,1
Phoenix Metals and Colin Davies Non- Ferrous Metals,-4.282429261677759,53.21964393476785,Waste,Ynys Mon,Gwynedd,3
Pic Up Spares,-3.937511110043007,51.64437368756074,Waste,Llandore,Swansea,4
Pilkington Asbestos Removal Services Ltd,-3.4776119882478675,53.31773664060874,Waste,Rhyl,Denbighshire,2
Plas Bach Farm EA/EPR/VP3037MG/V003,-3.186998340173762,52.74071907264012,Installation,MEIFOD,Powys,2
Plas Einon Quarry,-3.3022339469725863,53.079508737018266,Waste,Clwyd,Denbighshire,1
Plas Gwernoer,-4.230470452960786,53.05041319045694,Waste,Caernarfon,Gwynedd,1
Plas Madoc Household Waste Recycling Centre,-3.05531624959671,52.98253987695185,Waste,Wrexham,Clwyd,7
"Plas Y Dre, Llanwrst",-3.801253318692908,53.13896990250322,Waste,Llanrwst,Conwy,1
Plot 12a,-4.994034818012459,51.71486464415825,Waste,Milford Haven,Pembrokeshire,4
Plot 15 Hawarden Industrial Estate,-2.991820710674716,53.17612543670845,Waste,Deeside,Flintshire,2
Plot 57 Brynmenyn Ind Est,-3.5806278916314955,51.54960370145032,Waste,Bridgend,Glamorgan,7
Plot 7,-4.372418534656481,53.25520709197146,Waste,Holyhead,Isle of Anglesey,1
Plot 8 A,-4.371652590001959,53.25382874093245,Waste,Holyhead,Isle of Anglesey,1
Poeton Cardiff,-3.190872281824245,51.46582676179754,Installation,Cardiff,Cardiff,1
Point Of Ayr Gas Terminal,-3.319675853224848,53.34468702056629,Installation,HOLYWELL,Clwyd,2
Point Of Ayr Treatment Facility,-3.312274914948873,53.340435807001256,Waste,Ffynnongroew,Flintshire,1
Pontrug Landfill - Part Ordnance Survey 3990,-4.240831396697797,53.141889935835,Waste,Caernarfon,Gwynedd,1
Pope Hill 1,-4.996245503870487,51.7745280819556,Waste,Haverfordwest,Pembrokeshire,1
Pope Hill 2,-4.992045571819584,51.77481502717944,Waste,Haverfordwest,Pembrokeshire,1
Pope Hill 3,-4.990581943539177,51.77482532165991,Waste,Pope Hill,Pembrokeshire,1
Port Talbot Steel Works,-3.767282257461465,51.564951554143406,Installation,PORT TALBOT,Neath Port Talbot,4
Port Talbot Steel Works,-3.767282257461465,51.564951554143406,Installation,PORT TALBOT,WEST GLAMORGAN,13
Port Talbot Steel Works,-3.7594623894490407,51.56794664500752,Installation,Port Talbot,Neath Port Talbot,4
Portfield Farm,-2.7377928180005022,51.79973710182296,Installation,Monmouth,Monmouthshire,1
Potters Yard,-3.138223108224257,52.65836261877584,Waste,Welshpool,Powys,20
Powys County Council,-3.140934529413863,52.65177372187718,Waste,Welshpool,Powys,1
Project Red Recycling,-3.336732840513642,51.54355472148479,Waste,Efail Isaf,Pontypridd,7
Project Yellow Recycling,-3.355896338538933,51.52360636404044,Waste,Pontyclun,Rhondda Cynon Taff,2
Pwllfawatkin Landfill Site EPR/BU8819IV,-3.8926307075496487,51.7583997333543,Installation,SWANSEA,West Glamorgan,4
Pwllheli Civic Amenity Site,-4.402032398807516,52.89145727590193,Waste,Pwllheli,Gwynedd,7
Pwllheli Creamery EPR/BL9941IC,-4.375055620796732,52.9255380218318,Installation,PWLLHELI,Gwynedd,3
Pwllpridd Free Range Poultry Unit,-3.981950310882883,52.30650590497618,Installation,Aberystwyth,Ceredigion,1
Pyle Community Recycling Centre,-3.681713413539768,51.524404391249554,Waste,Bridgend,Bridgend,6
Quarry Yard,-3.1775330538488533,51.650329453181385,Waste,Blackwood,Gwent,1
Queensferry Depot,-3.011211671338136,53.20411675652026,Waste,Sandycroft,Flintshire,1
Queensferry Mineral Fibre Works,-3.013344478728009,53.20313678298294,Installation,Deeside,Flintshire,1
R & J Metals,-3.8242448193274616,51.63086574314233,Waste,Neath,Castell-nedd Port Talbot,1
RDA Recycling Ltd,-3.0953903032003085,51.60362174157969,Waste,Risca,Newport,4
RMR Recycling Ltd,-3.164638496663848,51.694813760376455,Installation,Blackwood,Caerphilly,7
Race Farm,-3.0095009226029794,51.67373495983061,Waste,Pontypool,Gwent,1
Racecourse Poultry Unit EPR/XP3838WZ,-3.2699808676922544,53.26971603663048,Installation,HOLYWELL,Clwyd,2
Radnor Hills,-2.964674770789346,52.34656558844112,Installation,Knighton,Powys,2
Rassau Recycling Facility,-3.2313098562571225,51.80558410856381,Installation,Ebbw Vale,Blaenau Gwent,2
Raynes Quarry,-3.665931965447096,53.27158223037197,Waste,Colwyn Bay,Clwyd,1
ReCover Blaenavon Ltd,-3.096163262814347,51.778769889645645,Waste,Blaenavon,Torfaen,4
Rear of Unit 7,-3.248082718770436,51.410425160410426,Waste,Barry,Vale of Glamorgan,4
Recycling Centre At Blaenau Ffestiniog,-3.943148780310057,53.00171878730999,Waste,Blaenau Ffestiniog,Gwynedd,1
Rees Metals,-4.106714549949211,51.67254615342644,Waste,Llanelli,Carmarthenshire,2
Refail Newydd,-4.497704769244292,53.27126729960266,Waste,Holyhead,Gwynedd,1
Rheidol Recycling Park,-4.045789207318357,52.40124046418331,Waste,Aberystwyth,Ceredigion,7
Rhondda Skip Hire,-3.4393383171906486,51.6047899242286,Waste,Williamstown,R C T,5
Rhosddu Farm Poultry Unit,-3.1794106898637,52.74662034967136,Installation,Llansanffraid Ym Mechain,Powys,2
Rhosfawr Pullet Rearing Unit,-3.2999146680723577,52.64655778631661,Installation,Welshpool,Powys,1
Rhuddlan Bach Quarry Landfill Site,-4.27533859041127,53.30227001025938,Waste,Brynteg,Anglesey,12
Rhwngyddwyryd Civic Amenity Site,-4.24403404990915,52.95821544160947,Waste,Garndolbenmaen,Gwynedd,1
Rhydeinon Civic Amenity Site,-4.295792281847302,52.16631536474706,Waste,Llanarth,Dyfed,2
Rhyl Depot,-3.4853516627254693,53.31019715110738,Waste,Rhyl,Denbighshire,1
Rhyl Recycling Park,-3.497024355904645,53.31006018081115,Waste,Rhyl,Denbighshire,7
Rhymney Organic Regeneration Facility EA/EPR/ZP3535MW/V002,-3.286151729663781,51.75518364201306,Installation,Rhymney,Caerphilly,2
Riverside Skips Transfer Station,-3.4511091219653505,53.26045704347883,Waste,St Asaph,Denbighshire,1
Road Runners,-2.9289581129887075,53.18062359776104,Waste,Chester,Flintshire,4
Rosedew Farm,-3.473641339319178,51.39736537289187,Waste,Llantwit Major,Vale of Glamorgan,1
Roseheyworth Household Waste Recycling Centre,-3.15325565025239,51.74446051626953,Waste,Abertillery,Blaenau Gwent,7
Rossett Landfill Gas Utilisation Scheme,-2.999320688210378,53.10868770760713,Waste,Rossett,Wrexham,1
Ruabon Electro Ceramics,-3.037117645609927,53.003187320669554,Installation,WREXHAM,CLWYD,2
Ruthin Civic Amenity Site,-3.31211444762808,53.12211907604774,Waste,Ruthin,Denbighshire,7
Ruthin Waste Transfer Station,-3.3118647545780524,53.12177123257986,Waste,Ruthin,Denbighshire,5
S & R Metals,-4.44828581458303,52.94106269250257,Waste,Pwllheli,Gwynedd,4
S And K Matthews Skip Hire,-3.0830608513351643,53.06148844088384,Waste,Wrexham,Clwyd,1
S J Chadwicks Greenfield,-3.205975866479525,53.29132581358519,Waste,Greenfield,Flintshire,2
S L Recycling Ltd,-3.246760481401885,51.660512656940206,Waste,Hengoed,Caerphilly,5
S P A Davies & Sons,-3.0946249120469287,53.12263690759892,Waste,Mold,Flintshire,4
S P Waste Services Ltd,-3.4081554584387166,52.548942512338265,Waste,Newtown,Powys,1
S.l. Plant Hire,-4.044447417716057,51.77929920112283,Waste,Ammanford,Carmarthenshire,1
SL Recycling Ltd,-3.0121140160691144,51.68261406313282,Waste,Pontypool,Torfaen,13
Safetykleen Broughton,-2.96140941559012,53.1750713854416,Waste,Deeside,Flintshire,1
Safetykleen UK Ltd,-3.1175091864957856,51.50230975772202,Waste,Rumney,Cardiff,2
Sandycroft Poultry Processing,-3.007268577661028,53.1994128284485,Installation,DEESIDE,Clwyd,3
Sandycroft Waste Management Centre,-2.993127923567883,53.19838093849668,Installation,Deeside,Flintshire,3
Sea View Farm 1,-3.0499310835295104,53.19809157265831,Waste,Deeside,Flintshire,1
Sea View Farm 2,-3.0515839861712046,53.199569214096485,Waste,Deeside,Flintshire,1
Seawall Waste Transfer Station,-3.141768743862784,51.48029772342045,Waste,Cardiff,Cardiff,6
Seiont Mill Brickworks and Quarry,-4.256121941579823,53.12979600344834,Waste,Caernarfon,Gwynedd,2
Sensient Flavors Ltd,-4.169327666558607,52.19657630356674,Installation,Lampeter,Ceredigion,1
Sherwin-Williams Packaging Coatings Deeside,-3.006985908228836,53.23204611686462,Installation,Deeside,Flintshire,2
Shotton Paper Mill EPR/BT4885IT,-3.0406651125152546,53.23578391902185,Installation,DEESIDE,CLWYD,4
Shotton Works,-3.0533282725951207,53.227959889879706,Installation,Deeside,Flintshire,5
Silent Valley Landfill Site,-3.182616101491732,51.75168558425613,Installation,Ebbwvale,Blaenau Gwent,2
Silent Valley Waste Transfer station,-3.1834606987313325,51.75406882518391,Waste,Ebbw Vale,Blaenau Gwent,7
Slade Cross,-4.902182818285643,51.68798631520399,Waste,Cosheton,Pembrokeshire,1
Slicker Recycling,-2.9801559594362823,51.56706471255884,Installation,Newport,South Wales,3
Snead Poultry Complex,-3.0085093641859064,52.522384037743215,Installation,MONTGOMERY,Powys,1
Soil Screening And Recycling Facility,-3.211133536327914,51.45300343898399,Waste,Dinas Powys,South Glamorgan,1
Solway Foods Limited,-3.0823380886254954,51.59820397141822,Installation,Newport,Newport,2
South Hook LNG Terminal,-5.084346878375087,51.71920910924263,Installation,Milford Haven,Pembrokeshire,2
South Side Queensway (SSQ),-2.9149212640991697,51.57032502670853,Installation,Newport,Newport,4
Sp Power Systems,-4.18029411175516,53.21043575211483,Waste,Bangor,Gwynedd,2
Spencer Ind Est Scrapyard,-3.0642291876674737,53.17581501283065,Waste,Buckley,Flintshire,2
St Asaph EPR/BX4666IZ,-3.470374900015182,53.25392820401724,Installation,ST. ASAPH,CLWYD,2
St Asaph Lens Coating EPR/JP3536LS,-3.47228880767181,53.25291571832791,Installation,ST. ASAPH,Denbighshire,1
St Davids Civic Amenity and recyciling centre,-5.220604878834458,51.89503168872751,Waste,St Davids,Pembrokeshire,5
St Davids Landfill,-5.22078562443099,51.894307197610026,Waste,St Davids,Pembrokeshire,1
St Modwen Developments Ltd,-3.871842977114164,51.64460295936208,Waste,Llandarcy,N P T,2
St. Pierre Farm Poultry Unit,-2.7075110027786105,51.60670004536869,Installation,Caldicot,Gwent,2
Standard Landfill Site,-3.062821455764955,53.178182788778216,Waste,Buckley,Flintshire,1
Standard Road Transfer Station,-3.0653628189729814,53.177485882131855,Waste,Buckley,Flintshire,6
Step Up Skips,-3.300752415493511,51.67133743933788,Waste,Merthyr Tydfil,Glamorgan,1
Stormy Farm Landfill,-3.672149173603062,51.52224812170311,Waste,Bridgend,Glamorgan,1
Stormy West,-3.665553718707866,51.51215371475814,Waste,Pyle,Bridgend,1
Stud Poultry Farm,-3.144149608942171,52.30250071966898,Installation,KNIGHTON,Powys,2
Summerleaze Pet Crematorium,-2.841251166932964,51.5564269188951,Waste,Newport,Gwent,10
Swn Y Gwynt Poultry Farm EPR/KP3038WK,-4.369872751371346,53.25471829633467,Installation,LLANGEFNI,Gwynedd,2
Sychtyn,-3.480504328979501,52.65512809468248,Waste,Welshpool,Powys,3
Talbot Wharf,-3.793356858005549,51.58774709098668,Waste,Port Talbot,Neath Port Talbot,3
Talfarn Farm,-4.53835919860931,51.79592647293156,Waste,St. Clears,Carmarthenshire,2
Tangiers Quarry,-4.979472804083261,51.832812218777526,Waste,Haverfordwest,Pembrokeshire,1
Tanygroes Metal Recycling,-4.493048383258615,52.126554522633214,Waste,Cardigan,Ceredigion,2
Taybrite Works,-4.095115842440016,51.66566755761175,Waste,Bynea,Llanelli,6
Tazrock,-3.541411687484056,51.74856059545877,Waste,Aberdare,Rhondda Cynon Taff,6
Teifi Park Abbattoir EPR/BV9683IH,-4.151171163232204,52.07839376840401,Installation,LLANYBYDDER,Carmarthenshire,4
The Graig Yffaldau Waste Transfer,-3.2733757308633424,52.256124809030325,Waste,Llandrindod Wells,Powys,7
The Granary,-3.232159783375657,51.60886542288034,Waste,Llanbradach,Mid Glamorgan,7
The Lodge,-3.464797918837573,51.46832597240533,Waste,Cowbridge,Vale Of Glamorg,7
The Maesydd,-3.08295237641069,52.717918475467215,Waste,Welshpool,Powys,1
The Old Brickworks,-2.992459022553794,51.714458760127805,Waste,Pontypool,Torfaen,3
The Old Coal Yard,-3.067920873651274,52.97301515352908,Waste,Wrexham,Wrexham,1
The Old Forge,-3.825335526163064,51.65982192960442,Waste,Neath,West Glamorgan,4
The Old Transport Yard,-3.0492862454342524,53.19743204730631,Waste,Deeside,Flintshire,2
The Recycling Centre,-3.2274703690777025,51.62828279543864,Waste,Ystrad Mynach,Hengoed,7
The Research Centre,-3.671257182927783,51.50772927991756,Installation,BRIDGEND,Mid Glamorgan,3
The Royal Mint,-3.3887994660791105,51.5542167643471,Installation,Pontyclun,Rhondda Cynon Taf,3
The Smithy,-4.211797016726092,52.23083840120373,Waste,Aberaeron,Ceredigion,1
The Waste Transfer Station,-3.6715393957480416,51.51150202661536,Waste,Bridgend,Glamorgan,7
Thomas Brothers,-4.994212983723148,51.715588612460806,Waste,Milford Haven,Pembrokeshire,7
Thomas Skip And Plant Hire Ltd,-4.245401243196266,53.16642079845905,Waste,Caernarfon,Gwynedd,1
Tir Barwn,-3.4573996777005167,53.00857675591832,Installation,CORWEN,Clwyd,1
Tir Gwaid Farm  Landfill,-3.419330485153945,51.63924780980144,Waste,Wattstown,R C T,1
Tir John Landfill,-3.920751197469738,51.65956750845185,Installation,SWANSEA,West Glamorgan,1
Tollgate House,-3.1999961066182703,51.455824574710114,Waste,Llandough,Glamorgan,6
Tom James Construction Services Ltd,-3.943913137260093,53.001814176012736,Waste,Blaenau Ffestiniog,Gwynedd,1
Tondu Waste Transfer Station,-3.5955199682114003,51.550229361113296,Waste,Bridgend,Glamorgan,7
Transfer Station,-4.338964937422405,51.84572958494567,Waste,Carmarthen,Carmarthenshire,3
Trecatti Landfill,-3.3323727966419745,51.76024345332889,Installation,Merthyr Tydfil,Merthyr Tydfil,7
Tredegar Quarry Complex,-3.3093174228182827,51.82473832216785,Waste,Tredegar,Blaenau Gwent,2
Treforest Civic Amenity Site,-3.289109595502532,51.57038005604098,Waste,Pontypridd,R C T,1
Treforest Transfer Station,-3.283873812180369,51.56635515903392,Waste,Pontypridd,R C T,8
Treherbert Community Recycling Centre,-3.53165336336311,51.670755553556255,Waste,Treorchy,Rhondda Cynon Taff,7
Trehir Civic Amenity Site,-3.223964765667586,51.59841281880114,Waste,Llanbradach,Caerphilly,1
Trehir Quarry Landfill,-3.222720545933592,51.59831788789435,Waste,Caerphilly,Glamorgan,1
Tremorfa Melt Shop,-3.1361199393002823,51.48014578666852,Installation,Cardiff,Cardiff,84
Trident Commercial Holdings Limited Trading As Trident Metals,-3.006322569777466,53.20440086749991,Waste,Deeside,Flintshire,2
Troedrhiwgwynau Farm,-4.035190063560147,52.41943349211204,Waste,Aberystwyth,Ceredigion,1
Troste Depot,-4.137844302388648,51.67326935409254,Waste,Trostre Industrial Park,Llanelli,6
Trostre Civic Amenity / Transfer Station,-4.136436354530663,51.6743920858428,Waste,Llanelli,Carmarthenshire,7
Trostrey Court Farm EPR/FP3836MU,-2.920205462239786,51.73461225604402,Installation,Usk,Monmouthshire,2
Tunnel Yard,-3.259417118944016,51.45711648337655,Waste,Cardiff,Vale of Glamorgan,1
Twyn Dismantlers Ltd,-3.2242997801574536,51.65807847809637,Waste,Blackwood,Caerphilly,1
Txo Systems Ltd,-2.672350323444923,51.61556550928472,Waste,Chepstow,Monmouthshire,1
Ty Brith,-3.28666098763661,52.66434142489288,Installation,WELSHPOOL,Powys,2
Ty Castle,-2.820644570172244,51.858169982379,Installation,MONMOUTH,Gwent,2
Ty Coch Depot,-3.02200840531068,51.64024114300816,Installation,Cwmbran,Torfaen,4
Ty Mawr,-4.4381800848087565,53.25105633316891,Waste,Ty Croes,Gwynedd,2
Ty Mawr ( East Quarry),-4.2421639096629065,53.048601860358346,Waste,Talysarn,Caernarfon,1
Ty Mawr East Quarry Landfill,-4.24094494093226,53.04955091249996,Waste,Penygroes,Gwynedd,1
Ty Mawr Farm Landfill,-3.591760282644687,53.26513426976632,Waste,Abergele,Conwy,1
Ty Newydd Farm,-2.897438847468419,51.77686777641439,Installation,USK,Gwent,2
Ty'n Y Coed,-4.100151502493084,52.92143900900787,Waste,Penrhyndeudraeth,Gwynedd,5
Ty'r Eos Farm Landfill,-2.8859048447987363,51.74152950477361,Waste,Usk,Monmouthshire,1
Tydu Farm,-3.286290861669796,51.64274115736174,Waste,Treharris,Caerphilly,1
Tythegston Civic Amenity Site,-3.65725799867941,51.49959211157698,Waste,Tythegston,Bridgend,2
U R A Birdport Docks Site,-2.9663683187957623,51.5639151204937,Waste,Newport,Gwent,3
UK Salvage Car Parts Ltd,-3.4527464722559222,51.63035065597256,Waste,Tonypandy,Rhondda Cynon Taf,1
Unit 1- Crugmore Farm,-4.624790574590682,52.09417021414923,Waste,Cardigan,Ceredigion,8
Unit 1- Crugmore Farm,-4.620979382340539,52.09391334161966,Waste,Cardigan,Ceredigion,1
Unit 11,-3.136583220627494,51.473873945833226,Installation,Cardiff,Cardiff,1
Unit 11 & The Old Engine House,-3.917258116758681,51.65902211919509,Waste,Swansea,Swansea,7
Unit 14,-2.960538067723949,51.62198584377743,Waste,Caerleon,Newport,1
Unit 15 Drome Road,-2.997274977757736,53.22740845517534,Waste,Deeside,Flintshire,4
Unit 17,-3.135058791731807,51.47568709476612,Waste,Cardiff,Cardiff,7
Unit 2,-3.5074545919499838,51.43505345653245,Waste,Cowbridge,South Glamorgan,7
Unit 2,-3.0329362370055715,52.34396553638377,Waste,Knighton,Powys,5
"Unit 2, Sea View Bungalow",-3.0784385007765094,51.50485161864078,Waste,Cardiff,Glamorgan,7
Unit 3 Clydesmuir Ind Est,-3.14476984301784,51.48972792426519,Waste,Cardiff,South Glamorgan,1
Unit 8,-3.50509457403839,51.43591107748525,Waste,Cowbridge,Vale of Glamorgan,1
University of South Wales Hydrogen R&D Centre,-3.8208128349436743,51.620937573981294,Installation,Port Talbot,Neath Port Talbot,1
Upper Bryn Free Range Poultry,-3.2266137198225797,52.54130761210929,Installation,Montgomery,Powys,1
Upper Esgair Farm,-3.33408860450408,52.405339826021326,Installation,LLANDRINDOD WELLS,Powys,1
Upper Ffrydd Poultry Unit,-3.481368684412768,52.51703996028648,Installation,Caersws,Powys,1
Upper Maenllwyd Farm Broiler Unit,-3.225475388806429,52.52267329234101,Installation,Newtown,Powys,1
Upper Triley Farm EPR/BT0332IK,-2.991738464989684,51.85999861241462,Installation,Abergavenny,Monmouthshire,1
Uskmouth Power Plant,-2.97484561876534,51.548136535343765,Installation,Newport,Gwent,4
Vale of Glamorgan Resource Recovery Facility,-3.246418461719168,51.3978719456124,Waste,Barry,Vale of Glamorgan,7
Valero Pembroke Oil Terminal,-4.988101252776672,51.711175400694,Installation,Milford Haven,Pembrokeshire,2
Valley Water Services Waste Treatment Facility,-3.1600291995558294,51.68656912664486,Waste,Newport,Newport,1
Vauxplus,-2.9599313475433133,51.61993173885944,Waste,Caerleon,Newport,5
Viridis 178 Swansea Power Plant,-4.013441817005087,51.64937253587017,Installation,Swansea,Swansea,1
Volac Felinfach,-4.168806934514384,52.197601975605146,Installation,Lampeter,Ceredigion,2
Volehurst Ltd,-2.982270809019571,51.57481581394865,Waste,Newport,Gwent,5
W D A - Formerly Erie Electronic 1,-2.9174289721070186,53.04205276626393,Waste,Wrexham,Clwyd,1
W D A - Formerly Erie Electronic 2,-2.9174289721070186,53.04205276626393,Waste,Wrexham,Clwyd,1
W H Chaloner & Son Ltd,-3.010902949400992,53.10061629356517,Waste,Wrexham,Clwyd,4
WREXHAM CABLE WORKS,-2.909730530275126,53.03982859348259,Installation,WREXHAM,Clwyd,1
Waen Anaerobic Digestion Site,-3.41663966690368,53.26445853627887,Installation,St Asaph,Clwyd,3
Waen Farm,-3.131884385771809,53.14614641799739,Waste,Mold,Flintshire,1
Waste Management Ltd,-4.372501108080614,53.25426139653041,Waste,Mona,Anglesey,6
Waste Transfer Station,-3.022969780221394,53.027518724764576,Waste,Wrexham,Clwyd,2
Waste Transfer Station Tir Ergyd Yard,-3.448456160193324,51.73641750567773,Waste,Aberdare,R C T,7
Wastesavers Resource Centre,-2.981829322003565,51.57106999098194,Waste,Newport,Newport,4
Waterloo Recycling Centre,-4.920922831482653,51.695867753797245,Waste,Pembroke Dock,Pembrokeshire,7
Waterston Car Breakers,-4.986560255145457,51.71217697103028,Waste,Milford Haven,Pembrokeshire,3
Waterton Depot,-3.5433818767489584,51.49743259693981,Waste,Bridgend,Glamorgan,7
Waun-y-Pound EPR/BX3376IG,-3.2293340432645388,51.786273078207,Installation,Ebbw Vale,Blaenau Gwent,1
Waunarlwydd EPR/BX9846ID,-4.020872481024175,51.648084807516256,Installation,SWANSEA,West Glamorgan,2
Waunlwyd Farm,-4.401272441389236,51.960272722113245,Waste,Cynwyl Elfed,Carmarthenshire,1
Weaver Autosalvage,-3.411136037098603,51.74945111158933,Waste,Merthyr Tydfil,Glamorgan,5
Weighbridge Yard,-3.423236208361706,51.70763737474788,Waste,Aberdare,R C T,6
Wern Heulog Poultry Unit,-3.34954513295529,52.16969323596361,Installation,Builth Wells,Powys,1
Wern Tarw Recycling Ltd,-3.682687656053,51.5238508782731,Waste,Bridgend,Mid Glamorgan,7
Wernddu Civic Amenity And Transfer Station,-3.963972993938485,51.81996781828778,Waste,Ammanford,Carmarthenshire,7
Western Wood Energy Plant,-3.745943775377081,51.561584235533445,Installation,PORT TALBOT,West Glamorgan,1
Whitchurch Salt Slags,-2.7348892411783834,52.946945759570006,Installation,Whitchurch,Shropshire,20
Whitehall Landfill,-3.272161250844042,51.45267168102088,Waste,Cardiff,Glamorgan,1
Whitland Recycling Centre & Civic Amenity Site,-4.623940959247299,51.82006379409895,Waste,Whitland,Carmarthenshire,7
Williams Plant Hire Ltd,-3.2636001960674923,52.53325861310254,Waste,Newtown,Powys,10
Winsel Civic Amenity & Recycling Site,-5.003915055295228,51.778019688881535,Waste,Haverfordwest,Pembrokeshire,6
Withyhedge Material Recycling Facility,-4.957193440147648,51.84261159374655,Waste,Haverfordwest,Pembrokeshire,10
Wogaston,-5.027300127735518,51.66989558705236,Waste,Pembroke,Pembrokeshire,1
Worldcare Recycling,-3.805873191441222,53.28208529336727,Waste,Llandudno Junction,Conwy,3
Worldcare Wales Ltd,-3.805253859668248,53.28162719358218,Waste,Llandudno Junction,Conwy,1
Wrexham Clinical Waste Treatment Facility (HDU & TS),-2.91692654225256,53.04157121245973,Installation,Wrexham,Wrexham,2
Wrexham Clinical Waste Treatment Facility (Incinerator),-2.917213348372268,53.041029635623566,Installation,WREXHAM,Clwyd,1
Wrexham Convenience Foods,-2.9247619015431807,53.04458492561346,Installation,Wrexham,Wrexham,2
Wrexham Mill,-2.9210105048978754,53.04073959603512,Installation,Wrexham,Wrexham CBC,1
Wrexham Pharmaceutical Works,-2.9263343608650207,53.0490494184122,Installation,WREXHAM,Clwyd,1
Wylfa Power Station,-4.48323055870614,53.417512738525296,Installation,Cemaes Bay,Isle of Anglesey,1
Ystym Colwyn Farm,-3.198607778209594,52.740044897571785,Installation,Welshpool,Powys,1
[TEST],-3.4775359361519933,52.588563344987726,Installation,Bangor,Gwynedd,1
