MSOA code,MSOA name,Local authority code,Local authority name,Region code,Region name,Total annual income (£),Upper confidence limit (£),Lower confidence limit (£),Confidence interval (£)
W02000001,Isle of Anglesey 001,W06000001,Isle of Anglesey,W92000004,Wales,43135,50982,36495,14487
W02000002,Isle of Anglesey 002,W06000001,Isle of Anglesey,W92000004,Wales,47425,55528,40504,15024
W02000003,Isle of Anglesey 003,W06000001,Isle of Anglesey,W92000004,Wales,39366,45997,33691,12306
W02000004,Isle of Anglesey 004,W06000001,Isle of Anglesey,W92000004,Wales,46011,53739,39395,14344
W02000005,Isle of Anglesey 005,W06000001,Isle of Anglesey,W92000004,Wales,45901,53627,39288,14339
W02000006,Isle of Anglesey 006,W06000001,Isle of Anglesey,W92000004,Wales,47076,55812,39708,16104
W02000007,Isle of Anglesey 007,W06000001,Isle of Anglesey,W92000004,Wales,45483,53166,38911,14255
W02000008,Isle of Anglesey 008,W06000001,Isle of Anglesey,W92000004,Wales,49808,58997,42050,16947
W02000009,Isle of Anglesey 009,W06000001,Isle of Anglesey,W92000004,Wales,45191,52787,38689,14098
W02000010,Gwynedd 001,W06000002,Gwynedd,W92000004,Wales,46601,56737,38275,18462
W02000011,Gwynedd 002,W06000002,Gwynedd,W92000004,Wales,48246,57042,40807,16235
W02000012,Gwynedd 003,W06000002,Gwynedd,W92000004,Wales,45959,53963,39143,14820
W02000013,Gwynedd 004,W06000002,Gwynedd,W92000004,Wales,50700,59588,43138,16450
W02000014,Gwynedd 005,W06000002,Gwynedd,W92000004,Wales,49454,58323,41934,16389
W02000015,Gwynedd 006,W06000002,Gwynedd,W92000004,Wales,43676,51767,36850,14917
W02000016,Gwynedd 007,W06000002,Gwynedd,W92000004,Wales,45469,53105,38931,14174
W02000017,Gwynedd 008,W06000002,Gwynedd,W92000004,Wales,43746,51153,37412,13741
W02000018,Gwynedd 009,W06000002,Gwynedd,W92000004,Wales,43737,51178,37377,13801
W02000019,Gwynedd 010,W06000002,Gwynedd,W92000004,Wales,42768,50140,36480,13660
W02000020,Gwynedd 011,W06000002,Gwynedd,W92000004,Wales,45127,53045,38391,14654
W02000021,Gwynedd 012,W06000002,Gwynedd,W92000004,Wales,42977,50596,36505,14091
W02000022,Gwynedd 013,W06000002,Gwynedd,W92000004,Wales,41840,49706,35219,14487
W02000023,Gwynedd 014,W06000002,Gwynedd,W92000004,Wales,42657,50432,36081,14351
W02000024,Gwynedd 015,W06000002,Gwynedd,W92000004,Wales,46083,55741,38098,17643
W02000025,Gwynedd 016,W06000002,Gwynedd,W92000004,Wales,40952,47906,35007,12899
W02000026,Gwynedd 017,W06000002,Gwynedd,W92000004,Wales,39968,47629,33538,14091
W02000027,Conwy 001,W06000003,Conwy,W92000004,Wales,36775,43417,31149,12268
W02000028,Conwy 002,W06000003,Conwy,W92000004,Wales,43393,50697,37142,13555
W02000029,Conwy 003,W06000003,Conwy,W92000004,Wales,46573,54311,39937,14374
W02000030,Conwy 004,W06000003,Conwy,W92000004,Wales,42377,49519,36266,13253
W02000031,Conwy 005,W06000003,Conwy,W92000004,Wales,36646,43525,30855,12670
W02000032,Conwy 006,W06000003,Conwy,W92000004,Wales,48606,57198,41304,15894
W02000033,Conwy 007,W06000003,Conwy,W92000004,Wales,38770,45536,33010,12526
W02000034,Conwy 008,W06000003,Conwy,W92000004,Wales,52562,61448,44961,16487
W02000035,Conwy 009,W06000003,Conwy,W92000004,Wales,47025,55156,40092,15064
W02000036,Conwy 010,W06000003,Conwy,W92000004,Wales,39092,45719,33426,12293
W02000037,Conwy 011,W06000003,Conwy,W92000004,Wales,44738,52241,38313,13928
W02000038,Conwy 012,W06000003,Conwy,W92000004,Wales,48738,57466,41335,16131
W02000039,Conwy 013,W06000003,Conwy,W92000004,Wales,44712,52422,38137,14285
W02000040,Conwy 014,W06000003,Conwy,W92000004,Wales,48071,56436,40945,15491
W02000041,Conwy 015,W06000003,Conwy,W92000004,Wales,44943,52637,38373,14264
W02000042,Denbighshire 001,W06000004,Denbighshire,W92000004,Wales,39111,46230,33089,13141
W02000043,Denbighshire 002,W06000004,Denbighshire,W92000004,Wales,41705,49066,35448,13618
W02000044,Denbighshire 003,W06000004,Denbighshire,W92000004,Wales,42585,49813,36406,13407
W02000045,Denbighshire 004,W06000004,Denbighshire,W92000004,Wales,35736,43558,29318,14240
W02000047,Denbighshire 006,W06000004,Denbighshire,W92000004,Wales,39642,46493,33801,12692
W02000049,Denbighshire 008,W06000004,Denbighshire,W92000004,Wales,49816,58195,42643,15552
W02000050,Denbighshire 009,W06000004,Denbighshire,W92000004,Wales,47392,55529,40447,15082
W02000051,Denbighshire 010,W06000004,Denbighshire,W92000004,Wales,46538,54586,39676,14910
W02000052,Denbighshire 011,W06000004,Denbighshire,W92000004,Wales,39951,46678,34192,12486
W02000053,Denbighshire 012,W06000004,Denbighshire,W92000004,Wales,52196,61310,44437,16873
W02000054,Denbighshire 013,W06000004,Denbighshire,W92000004,Wales,52043,60891,44481,16410
W02000055,Denbighshire 014,W06000004,Denbighshire,W92000004,Wales,45620,53297,39049,14248
W02000056,Denbighshire 015,W06000004,Denbighshire,W92000004,Wales,46162,54486,39110,15376
W02000057,Denbighshire 016,W06000004,Denbighshire,W92000004,Wales,48312,57486,40602,16884
W02000419,Denbighshire 017,W06000004,Denbighshire,W92000004,Wales,41104,48006,35195,12811
W02000058,Flintshire 001,W06000005,Flintshire,W92000004,Wales,41414,48330,35488,12842
W02000059,Flintshire 002,W06000005,Flintshire,W92000004,Wales,48989,57246,41923,15323
W02000060,Flintshire 003,W06000005,Flintshire,W92000004,Wales,38676,45232,33071,12161
W02000061,Flintshire 004,W06000005,Flintshire,W92000004,Wales,38944,45511,33324,12187
W02000062,Flintshire 005,W06000005,Flintshire,W92000004,Wales,47854,56257,40707,15550
W02000063,Flintshire 006,W06000005,Flintshire,W92000004,Wales,48061,56198,41102,15096
W02000064,Flintshire 007,W06000005,Flintshire,W92000004,Wales,37625,44261,31983,12278
W02000065,Flintshire 008,W06000005,Flintshire,W92000004,Wales,46977,54939,40168,14771
W02000066,Flintshire 009,W06000005,Flintshire,W92000004,Wales,38233,44749,32666,12083
W02000067,Flintshire 010,W06000005,Flintshire,W92000004,Wales,54733,63936,46855,17081
W02000068,Flintshire 011,W06000005,Flintshire,W92000004,Wales,39007,45555,33400,12155
W02000069,Flintshire 012,W06000005,Flintshire,W92000004,Wales,54637,63771,46812,16959
W02000070,Flintshire 013,W06000005,Flintshire,W92000004,Wales,56808,67561,47766,19795
W02000071,Flintshire 014,W06000005,Flintshire,W92000004,Wales,48124,56272,41156,15116
W02000072,Flintshire 015,W06000005,Flintshire,W92000004,Wales,47743,55812,40841,14971
W02000073,Flintshire 016,W06000005,Flintshire,W92000004,Wales,45273,53218,38515,14703
W02000074,Flintshire 017,W06000005,Flintshire,W92000004,Wales,46072,53790,39462,14328
W02000075,Flintshire 018,W06000005,Flintshire,W92000004,Wales,55983,66380,47215,19165
W02000076,Flintshire 019,W06000005,Flintshire,W92000004,Wales,49614,58023,42425,15598
W02000077,Flintshire 020,W06000005,Flintshire,W92000004,Wales,44453,53313,37066,16247
W02000080,Wrexham 003,W06000006,Wrexham,W92000004,Wales,44016,52059,37215,14844
W02000081,Wrexham 004,W06000006,Wrexham,W92000004,Wales,44713,52201,38300,13901
W02000082,Wrexham 005,W06000006,Wrexham,W92000004,Wales,44321,51805,37919,13886
W02000083,Wrexham 006,W06000006,Wrexham,W92000004,Wales,43423,51023,36955,14068
W02000085,Wrexham 008,W06000006,Wrexham,W92000004,Wales,42909,50178,36693,13485
W02000087,Wrexham 010,W06000006,Wrexham,W92000004,Wales,35481,41852,30079,11773
W02000088,Wrexham 011,W06000006,Wrexham,W92000004,Wales,44011,51587,37547,14040
W02000089,Wrexham 012,W06000006,Wrexham,W92000004,Wales,36626,43348,30947,12401
W02000090,Wrexham 013,W06000006,Wrexham,W92000004,Wales,45932,53622,39346,14276
W02000091,Wrexham 014,W06000006,Wrexham,W92000004,Wales,44038,51495,37660,13835
W02000092,Wrexham 015,W06000006,Wrexham,W92000004,Wales,40673,47456,34859,12597
W02000093,Wrexham 016,W06000006,Wrexham,W92000004,Wales,47048,55136,40147,14989
W02000094,Wrexham 017,W06000006,Wrexham,W92000004,Wales,39244,45787,33637,12150
W02000095,Wrexham 018,W06000006,Wrexham,W92000004,Wales,49669,57980,42549,15431
W02000096,Wrexham 019,W06000006,Wrexham,W92000004,Wales,43130,51426,36171,15255
W02000424,Wrexham 021,W06000006,Wrexham,W92000004,Wales,52336,61339,44654,16685
W02000425,Wrexham 022,W06000006,Wrexham,W92000004,Wales,49662,59482,41464,18018
W02000426,Wrexham 023,W06000006,Wrexham,W92000004,Wales,46887,54714,40180,14534
W02000116,Ceredigion 001,W06000008,Ceredigion,W92000004,Wales,51334,59976,43938,16038
W02000117,Ceredigion 002,W06000008,Ceredigion,W92000004,Wales,48315,57640,40498,17142
W02000118,Ceredigion 003,W06000008,Ceredigion,W92000004,Wales,43948,51295,37654,13641
W02000120,Ceredigion 005,W06000008,Ceredigion,W92000004,Wales,41850,49088,35679,13409
W02000122,Ceredigion 007,W06000008,Ceredigion,W92000004,Wales,42441,49698,36244,13454
W02000123,Ceredigion 008,W06000008,Ceredigion,W92000004,Wales,41022,48530,34676,13854
W02000124,Ceredigion 009,W06000008,Ceredigion,W92000004,Wales,37886,44394,32333,12061
W02000125,Ceredigion 010,W06000008,Ceredigion,W92000004,Wales,40544,47470,34628,12842
W02000421,Ceredigion 011,W06000008,Ceredigion,W92000004,Wales,45193,52723,38739,13984
W02000126,Pembrokeshire 001,W06000009,Pembrokeshire,W92000004,Wales,43163,50573,36840,13733
W02000127,Pembrokeshire 002,W06000009,Pembrokeshire,W92000004,Wales,41584,49044,35259,13785
W02000128,Pembrokeshire 003,W06000009,Pembrokeshire,W92000004,Wales,46179,54213,39335,14878
W02000129,Pembrokeshire 004,W06000009,Pembrokeshire,W92000004,Wales,45125,52865,38518,14347
W02000130,Pembrokeshire 005,W06000009,Pembrokeshire,W92000004,Wales,39856,46651,34050,12601
W02000131,Pembrokeshire 006,W06000009,Pembrokeshire,W92000004,Wales,42590,49751,36459,13292
W02000132,Pembrokeshire 007,W06000009,Pembrokeshire,W92000004,Wales,42942,50236,36706,13530
W02000133,Pembrokeshire 008,W06000009,Pembrokeshire,W92000004,Wales,44700,52219,38264,13955
W02000134,Pembrokeshire 009,W06000009,Pembrokeshire,W92000004,Wales,43481,51236,36899,14337
W02000135,Pembrokeshire 010,W06000009,Pembrokeshire,W92000004,Wales,40217,47097,34342,12755
W02000136,Pembrokeshire 011,W06000009,Pembrokeshire,W92000004,Wales,42422,49541,36327,13214
W02000137,Pembrokeshire 012,W06000009,Pembrokeshire,W92000004,Wales,38291,45113,32500,12613
W02000138,Pembrokeshire 013,W06000009,Pembrokeshire,W92000004,Wales,36455,42609,31190,11419
W02000139,Pembrokeshire 014,W06000009,Pembrokeshire,W92000004,Wales,46488,54468,39677,14791
W02000140,Pembrokeshire 015,W06000009,Pembrokeshire,W92000004,Wales,38969,45523,33359,12164
W02000141,Pembrokeshire 016,W06000009,Pembrokeshire,W92000004,Wales,39824,46669,33983,12686
W02000142,Carmarthenshire 001,W06000010,Carmarthenshire,W92000004,Wales,38368,44990,32720,12270
W02000143,Carmarthenshire 002,W06000010,Carmarthenshire,W92000004,Wales,40930,49222,34035,15187
W02000144,Carmarthenshire 003,W06000010,Carmarthenshire,W92000004,Wales,41182,49206,34467,14739
W02000145,Carmarthenshire 004,W06000010,Carmarthenshire,W92000004,Wales,46126,54351,39147,15204
W02000146,Carmarthenshire 005,W06000010,Carmarthenshire,W92000004,Wales,53036,62119,45281,16838
W02000147,Carmarthenshire 006,W06000010,Carmarthenshire,W92000004,Wales,45944,53648,39347,14301
W02000148,Carmarthenshire 007,W06000010,Carmarthenshire,W92000004,Wales,45751,53497,39127,14370
W02000149,Carmarthenshire 008,W06000010,Carmarthenshire,W92000004,Wales,41860,49113,35679,13434
W02000151,Carmarthenshire 010,W06000010,Carmarthenshire,W92000004,Wales,40022,46731,34277,12454
W02000152,Carmarthenshire 011,W06000010,Carmarthenshire,W92000004,Wales,43047,50433,36743,13690
W02000153,Carmarthenshire 012,W06000010,Carmarthenshire,W92000004,Wales,45669,53290,39137,14153
W02000154,Carmarthenshire 013,W06000010,Carmarthenshire,W92000004,Wales,41082,48238,34988,13250
W02000156,Carmarthenshire 015,W06000010,Carmarthenshire,W92000004,Wales,43463,50897,37115,13782
W02000157,Carmarthenshire 016,W06000010,Carmarthenshire,W92000004,Wales,43213,50498,36980,13518
W02000158,Carmarthenshire 017,W06000010,Carmarthenshire,W92000004,Wales,49284,57549,42206,15343
W02000159,Carmarthenshire 018,W06000010,Carmarthenshire,W92000004,Wales,39701,46403,33967,12436
W02000160,Carmarthenshire 019,W06000010,Carmarthenshire,W92000004,Wales,46546,54385,39836,14549
W02000161,Carmarthenshire 020,W06000010,Carmarthenshire,W92000004,Wales,41311,48396,35263,13133
W02000162,Carmarthenshire 021,W06000010,Carmarthenshire,W92000004,Wales,41296,48208,35375,12833
W02000163,Carmarthenshire 022,W06000010,Carmarthenshire,W92000004,Wales,41167,48110,35225,12885
W02000164,Carmarthenshire 023,W06000010,Carmarthenshire,W92000004,Wales,42397,49633,36216,13417
W02000165,Carmarthenshire 024,W06000010,Carmarthenshire,W92000004,Wales,40757,47532,34948,12584
W02000166,Carmarthenshire 025,W06000010,Carmarthenshire,W92000004,Wales,42927,50058,36812,13246
W02000167,Carmarthenshire 026,W06000010,Carmarthenshire,W92000004,Wales,38049,46033,31449,14584
W02000418,Carmarthenshire 027,W06000010,Carmarthenshire,W92000004,Wales,42654,49769,36556,13213
W02000168,Swansea 001,W06000011,Swansea,W92000004,Wales,47489,55417,40694,14723
W02000169,Swansea 002,W06000011,Swansea,W92000004,Wales,43333,50708,37032,13676
W02000170,Swansea 003,W06000011,Swansea,W92000004,Wales,50230,59142,42661,16481
W02000171,Swansea 004,W06000011,Swansea,W92000004,Wales,55087,64738,46875,17863
W02000172,Swansea 005,W06000011,Swansea,W92000004,Wales,41584,48560,35610,12950
W02000173,Swansea 006,W06000011,Swansea,W92000004,Wales,52772,61779,45078,16701
W02000174,Swansea 007,W06000011,Swansea,W92000004,Wales,48271,56368,41337,15031
W02000175,Swansea 008,W06000011,Swansea,W92000004,Wales,39822,46482,34117,12365
W02000176,Swansea 009,W06000011,Swansea,W92000004,Wales,39324,45908,33684,12224
W02000177,Swansea 010,W06000011,Swansea,W92000004,Wales,46378,54153,39719,14434
W02000178,Swansea 011,W06000011,Swansea,W92000004,Wales,36986,43360,31549,11811
W02000179,Swansea 012,W06000011,Swansea,W92000004,Wales,47372,58014,38682,19332
W02000180,Swansea 013,W06000011,Swansea,W92000004,Wales,38522,45124,32886,12238
W02000181,Swansea 014,W06000011,Swansea,W92000004,Wales,37126,43344,31800,11544
W02000182,Swansea 015,W06000011,Swansea,W92000004,Wales,41256,48323,35223,13100
W02000183,Swansea 016,W06000011,Swansea,W92000004,Wales,38973,46107,32942,13165
W02000184,Swansea 017,W06000011,Swansea,W92000004,Wales,42863,50009,36738,13271
W02000185,Swansea 018,W06000011,Swansea,W92000004,Wales,50785,60730,42468,18262
W02000186,Swansea 019,W06000011,Swansea,W92000004,Wales,34561,40971,29154,11817
W02000188,Swansea 021,W06000011,Swansea,W92000004,Wales,39787,47484,33338,14146
W02000189,Swansea 022,W06000011,Swansea,W92000004,Wales,46409,54513,39509,15004
W02000191,Swansea 024,W06000011,Swansea,W92000004,Wales,50145,59097,42549,16548
W02000192,Swansea 025,W06000011,Swansea,W92000004,Wales,35769,42478,30120,12358
W02000193,Swansea 026,W06000011,Swansea,W92000004,Wales,44995,55436,36520,18916
W02000194,Swansea 027,W06000011,Swansea,W92000004,Wales,58639,70639,48677,21962
W02000195,Swansea 028,W06000011,Swansea,W92000004,Wales,58461,68767,49699,19068
W02000196,Swansea 029,W06000011,Swansea,W92000004,Wales,46730,54773,39868,14905
W02000197,Swansea 030,W06000011,Swansea,W92000004,Wales,55251,64718,47169,17549
W02000198,Swansea 031,W06000011,Swansea,W92000004,Wales,54538,64012,46465,17547
W02000428,Swansea 032,W06000011,Swansea,W92000004,Wales,54140,63331,46282,17049
W02000200,Neath Port Talbot 002,W06000012,Neath Port Talbot,W92000004,Wales,43160,50575,36833,13742
W02000201,Neath Port Talbot 003,W06000012,Neath Port Talbot,W92000004,Wales,40342,47141,34523,12618
W02000202,Neath Port Talbot 004,W06000012,Neath Port Talbot,W92000004,Wales,46770,54592,40069,14523
W02000204,Neath Port Talbot 006,W06000012,Neath Port Talbot,W92000004,Wales,51122,61172,42722,18450
W02000205,Neath Port Talbot 007,W06000012,Neath Port Talbot,W92000004,Wales,39436,46203,33660,12543
W02000206,Neath Port Talbot 008,W06000012,Neath Port Talbot,W92000004,Wales,36615,44375,30212,14163
W02000207,Neath Port Talbot 009,W06000012,Neath Port Talbot,W92000004,Wales,46136,53914,39480,14434
W02000208,Neath Port Talbot 010,W06000012,Neath Port Talbot,W92000004,Wales,46619,54437,39924,14513
W02000210,Neath Port Talbot 012,W06000012,Neath Port Talbot,W92000004,Wales,43558,51182,37070,14112
W02000211,Neath Port Talbot 013,W06000012,Neath Port Talbot,W92000004,Wales,40083,47468,33847,13621
W02000212,Neath Port Talbot 014,W06000012,Neath Port Talbot,W92000004,Wales,41620,48811,35488,13323
W02000213,Neath Port Talbot 015,W06000012,Neath Port Talbot,W92000004,Wales,46068,54011,39293,14718
W02000214,Neath Port Talbot 016,W06000012,Neath Port Talbot,W92000004,Wales,36425,42718,31059,11659
W02000215,Neath Port Talbot 017,W06000012,Neath Port Talbot,W92000004,Wales,36165,42458,30804,11654
W02000216,Neath Port Talbot 018,W06000012,Neath Port Talbot,W92000004,Wales,40065,47100,34081,13019
W02000217,Neath Port Talbot 019,W06000012,Neath Port Talbot,W92000004,Wales,46477,54334,39755,14579
W02000417,Neath Port Talbot 020,W06000012,Neath Port Talbot,W92000004,Wales,38379,44841,32848,11993
W02000427,Neath Port Talbot 021,W06000012,Neath Port Talbot,W92000004,Wales,39410,46030,33743,12287
W02000218,Bridgend 001,W06000013,Bridgend,W92000004,Wales,33363,39357,28282,11075
W02000219,Bridgend 002,W06000013,Bridgend,W92000004,Wales,37624,43994,32177,11817
W02000220,Bridgend 003,W06000013,Bridgend,W92000004,Wales,37997,44398,32520,11878
W02000221,Bridgend 004,W06000013,Bridgend,W92000004,Wales,37185,43466,31812,11654
W02000222,Bridgend 005,W06000013,Bridgend,W92000004,Wales,43393,51032,36898,14134
W02000223,Bridgend 006,W06000013,Bridgend,W92000004,Wales,44490,51899,38139,13760
W02000224,Bridgend 007,W06000013,Bridgend,W92000004,Wales,42399,49549,36281,13268
W02000225,Bridgend 008,W06000013,Bridgend,W92000004,Wales,38933,45445,33355,12090
W02000226,Bridgend 009,W06000013,Bridgend,W92000004,Wales,48531,56741,41508,15233
W02000227,Bridgend 010,W06000013,Bridgend,W92000004,Wales,42169,49192,36149,13043
W02000228,Bridgend 011,W06000013,Bridgend,W92000004,Wales,58312,68386,49722,18664
W02000229,Bridgend 012,W06000013,Bridgend,W92000004,Wales,38006,44797,32244,12553
W02000230,Bridgend 013,W06000013,Bridgend,W92000004,Wales,55026,64396,47019,17377
W02000231,Bridgend 014,W06000013,Bridgend,W92000004,Wales,40859,47664,35026,12638
W02000232,Bridgend 015,W06000013,Bridgend,W92000004,Wales,50476,59154,43071,16083
W02000233,Bridgend 016,W06000013,Bridgend,W92000004,Wales,45216,52985,38586,14399
W02000234,Bridgend 017,W06000013,Bridgend,W92000004,Wales,58729,68611,50271,18340
W02000235,Bridgend 018,W06000013,Bridgend,W92000004,Wales,46791,54725,40007,14718
W02000236,Bridgend 019,W06000013,Bridgend,W92000004,Wales,41944,49006,35899,13107
W02000237,Vale of Glamorgan 001,W06000014,Vale of Glamorgan,W92000004,Wales,60604,71400,51440,19960
W02000238,Vale of Glamorgan 002,W06000014,Vale of Glamorgan,W92000004,Wales,56812,69123,46693,22430
W02000239,Vale of Glamorgan 003,W06000014,Vale of Glamorgan,W92000004,Wales,56862,67106,48182,18924
W02000240,Vale of Glamorgan 004,W06000014,Vale of Glamorgan,W92000004,Wales,48781,57890,41105,16785
W02000241,Vale of Glamorgan 005,W06000014,Vale of Glamorgan,W92000004,Wales,55187,64589,47154,17435
W02000242,Vale of Glamorgan 006,W06000014,Vale of Glamorgan,W92000004,Wales,56867,66726,48464,18262
W02000243,Vale of Glamorgan 007,W06000014,Vale of Glamorgan,W92000004,Wales,39158,45883,33418,12465
W02000244,Vale of Glamorgan 008,W06000014,Vale of Glamorgan,W92000004,Wales,51967,61345,44023,17322
W02000245,Vale of Glamorgan 009,W06000014,Vale of Glamorgan,W92000004,Wales,43799,51247,37434,13813
W02000246,Vale of Glamorgan 010,W06000014,Vale of Glamorgan,W92000004,Wales,50629,59419,43140,16279
W02000247,Vale of Glamorgan 011,W06000014,Vale of Glamorgan,W92000004,Wales,47471,57627,39106,18521
W02000248,Vale of Glamorgan 012,W06000014,Vale of Glamorgan,W92000004,Wales,41470,48475,35477,12998
W02000249,Vale of Glamorgan 013,W06000014,Vale of Glamorgan,W92000004,Wales,42759,50194,36425,13769
W02000250,Vale of Glamorgan 014,W06000014,Vale of Glamorgan,W92000004,Wales,54413,63565,46578,16987
W02000251,Vale of Glamorgan 015,W06000014,Vale of Glamorgan,W92000004,Wales,47307,55209,40537,14672
W02000367,Cardiff 001,W06000015,Cardiff,W92000004,Wales,59868,73227,48946,24281
W02000368,Cardiff 002,W06000015,Cardiff,W92000004,Wales,58165,68763,49201,19562
W02000369,Cardiff 003,W06000015,Cardiff,W92000004,Wales,68205,79997,58151,21846
W02000370,Cardiff 004,W06000015,Cardiff,W92000004,Wales,57414,67762,48647,19115
W02000371,Cardiff 005,W06000015,Cardiff,W92000004,Wales,48228,56478,41182,15296
W02000372,Cardiff 006,W06000015,Cardiff,W92000004,Wales,67712,83160,55134,28026
W02000373,Cardiff 007,W06000015,Cardiff,W92000004,Wales,39355,46214,33513,12701
W02000374,Cardiff 008,W06000015,Cardiff,W92000004,Wales,66282,78170,56201,21969
W02000375,Cardiff 009,W06000015,Cardiff,W92000004,Wales,47808,56662,40338,16324
W02000376,Cardiff 010,W06000015,Cardiff,W92000004,Wales,53169,62148,45487,16661
W02000377,Cardiff 011,W06000015,Cardiff,W92000004,Wales,49651,58531,42118,16413
W02000378,Cardiff 012,W06000015,Cardiff,W92000004,Wales,62727,73393,53611,19782
W02000379,Cardiff 013,W06000015,Cardiff,W92000004,Wales,38667,45272,33025,12247
W02000380,Cardiff 014,W06000015,Cardiff,W92000004,Wales,65464,77333,55417,21916
W02000381,Cardiff 015,W06000015,Cardiff,W92000004,Wales,42189,49362,36058,13304
W02000382,Cardiff 016,W06000015,Cardiff,W92000004,Wales,38599,45263,32916,12347
W02000383,Cardiff 017,W06000015,Cardiff,W92000004,Wales,44396,52340,37657,14683
W02000384,Cardiff 018,W06000015,Cardiff,W92000004,Wales,63867,75239,54214,21025
W02000385,Cardiff 019,W06000015,Cardiff,W92000004,Wales,64661,76633,54559,22074
W02000386,Cardiff 020,W06000015,Cardiff,W92000004,Wales,56744,66623,48330,18293
W02000387,Cardiff 021,W06000015,Cardiff,W92000004,Wales,56337,65844,48204,17640
W02000388,Cardiff 022,W06000015,Cardiff,W92000004,Wales,45614,53528,38871,14657
W02000389,Cardiff 023,W06000015,Cardiff,W92000004,Wales,46797,55080,39760,15320
W02000390,Cardiff 024,W06000015,Cardiff,W92000004,Wales,60155,70393,51407,18986
W02000391,Cardiff 025,W06000015,Cardiff,W92000004,Wales,61099,73474,50808,22666
W02000392,Cardiff 026,W06000015,Cardiff,W92000004,Wales,58602,69878,49145,20733
W02000393,Cardiff 027,W06000015,Cardiff,W92000004,Wales,44894,52430,38440,13990
W02000394,Cardiff 028,W06000015,Cardiff,W92000004,Wales,49503,61171,40061,21110
W02000395,Cardiff 029,W06000015,Cardiff,W92000004,Wales,57354,67419,48792,18627
W02000396,Cardiff 030,W06000015,Cardiff,W92000004,Wales,55078,66265,45780,20485
W02000397,Cardiff 031,W06000015,Cardiff,W92000004,Wales,46596,55123,39387,15736
W02000398,Cardiff 032,W06000015,Cardiff,W92000004,Wales,50267,63181,39993,23188
W02000399,Cardiff 033,W06000015,Cardiff,W92000004,Wales,44538,54350,36498,17852
W02000400,Cardiff 034,W06000015,Cardiff,W92000004,Wales,57017,67470,48184,19286
W02000401,Cardiff 035,W06000015,Cardiff,W92000004,Wales,51932,61053,44174,16879
W02000402,Cardiff 036,W06000015,Cardiff,W92000004,Wales,43835,51919,37010,14909
W02000403,Cardiff 037,W06000015,Cardiff,W92000004,Wales,43204,50474,36982,13492
W02000404,Cardiff 038,W06000015,Cardiff,W92000004,Wales,39148,46043,33286,12757
W02000405,Cardiff 039,W06000015,Cardiff,W92000004,Wales,35069,41337,29751,11586
W02000406,Cardiff 040,W06000015,Cardiff,W92000004,Wales,49249,57752,41998,15754
W02000407,Cardiff 041,W06000015,Cardiff,W92000004,Wales,37268,43618,31842,11776
W02000408,Cardiff 042,W06000015,Cardiff,W92000004,Wales,44691,54604,36577,18027
W02000409,Cardiff 043,W06000015,Cardiff,W92000004,Wales,42341,49654,36106,13548
W02000410,Cardiff 044,W06000015,Cardiff,W92000004,Wales,43678,52511,36331,16180
W02000411,Cardiff 045,W06000015,Cardiff,W92000004,Wales,40290,48967,33150,15817
W02000412,Cardiff 046,W06000015,Cardiff,W92000004,Wales,41686,48683,35694,12989
W02000422,Cardiff 048,W06000015,Cardiff,W92000004,Wales,58525,70592,48522,22070
W02000423,Cardiff 049,W06000015,Cardiff,W92000004,Wales,49442,58327,41910,16417
W02000252,Rhondda Cynon Taf 001,W06000016,Rhondda Cynon Taf,W92000004,Wales,38216,44832,32576,12256
W02000253,Rhondda Cynon Taf 002,W06000016,Rhondda Cynon Taf,W92000004,Wales,39476,46281,33671,12610
W02000254,Rhondda Cynon Taf 003,W06000016,Rhondda Cynon Taf,W92000004,Wales,42960,50235,36738,13497
W02000255,Rhondda Cynon Taf 004,W06000016,Rhondda Cynon Taf,W92000004,Wales,42583,49672,36506,13166
W02000256,Rhondda Cynon Taf 005,W06000016,Rhondda Cynon Taf,W92000004,Wales,38465,45882,32246,13636
W02000257,Rhondda Cynon Taf 006,W06000016,Rhondda Cynon Taf,W92000004,Wales,40773,48066,34587,13479
W02000258,Rhondda Cynon Taf 007,W06000016,Rhondda Cynon Taf,W92000004,Wales,34364,40234,29350,10884
W02000259,Rhondda Cynon Taf 008,W06000016,Rhondda Cynon Taf,W92000004,Wales,37367,44152,31624,12528
W02000260,Rhondda Cynon Taf 009,W06000016,Rhondda Cynon Taf,W92000004,Wales,38100,45008,32252,12756
W02000261,Rhondda Cynon Taf 010,W06000016,Rhondda Cynon Taf,W92000004,Wales,38603,45153,33003,12150
W02000262,Rhondda Cynon Taf 011,W06000016,Rhondda Cynon Taf,W92000004,Wales,40547,47350,34721,12629
W02000263,Rhondda Cynon Taf 012,W06000016,Rhondda Cynon Taf,W92000004,Wales,41639,49804,34813,14991
W02000264,Rhondda Cynon Taf 013,W06000016,Rhondda Cynon Taf,W92000004,Wales,36619,42909,31251,11658
W02000265,Rhondda Cynon Taf 014,W06000016,Rhondda Cynon Taf,W92000004,Wales,36962,43390,31486,11904
W02000266,Rhondda Cynon Taf 015,W06000016,Rhondda Cynon Taf,W92000004,Wales,40927,47922,34953,12969
W02000267,Rhondda Cynon Taf 016,W06000016,Rhondda Cynon Taf,W92000004,Wales,39171,45879,33444,12435
W02000268,Rhondda Cynon Taf 017,W06000016,Rhondda Cynon Taf,W92000004,Wales,39821,46466,34126,12340
W02000269,Rhondda Cynon Taf 018,W06000016,Rhondda Cynon Taf,W92000004,Wales,36539,42799,31195,11604
W02000270,Rhondda Cynon Taf 019,W06000016,Rhondda Cynon Taf,W92000004,Wales,44649,52264,38144,14120
W02000271,Rhondda Cynon Taf 020,W06000016,Rhondda Cynon Taf,W92000004,Wales,36519,42805,31155,11650
W02000272,Rhondda Cynon Taf 021,W06000016,Rhondda Cynon Taf,W92000004,Wales,45364,53098,38757,14341
W02000273,Rhondda Cynon Taf 022,W06000016,Rhondda Cynon Taf,W92000004,Wales,39961,46924,34031,12893
W02000274,Rhondda Cynon Taf 023,W06000016,Rhondda Cynon Taf,W92000004,Wales,41184,48412,35036,13376
W02000275,Rhondda Cynon Taf 024,W06000016,Rhondda Cynon Taf,W92000004,Wales,39928,46742,34107,12635
W02000276,Rhondda Cynon Taf 025,W06000016,Rhondda Cynon Taf,W92000004,Wales,49112,57474,41966,15508
W02000277,Rhondda Cynon Taf 026,W06000016,Rhondda Cynon Taf,W92000004,Wales,42661,50003,36398,13605
W02000278,Rhondda Cynon Taf 027,W06000016,Rhondda Cynon Taf,W92000004,Wales,58204,68489,49464,19025
W02000279,Rhondda Cynon Taf 028,W06000016,Rhondda Cynon Taf,W92000004,Wales,44390,51923,37949,13974
W02000280,Rhondda Cynon Taf 029,W06000016,Rhondda Cynon Taf,W92000004,Wales,53676,62774,45896,16878
W02000281,Rhondda Cynon Taf 030,W06000016,Rhondda Cynon Taf,W92000004,Wales,50614,59569,43005,16564
W02000282,Rhondda Cynon Taf 031,W06000016,Rhondda Cynon Taf,W92000004,Wales,56341,66424,47789,18635
W02000290,Caerphilly 001,W06000018,Caerphilly,W92000004,Wales,35374,42436,29488,12948
W02000291,Caerphilly 002,W06000018,Caerphilly,W92000004,Wales,33361,39285,28331,10954
W02000292,Caerphilly 003,W06000018,Caerphilly,W92000004,Wales,38561,45340,32795,12545
W02000293,Caerphilly 004,W06000018,Caerphilly,W92000004,Wales,36266,42563,30901,11662
W02000294,Caerphilly 005,W06000018,Caerphilly,W92000004,Wales,42355,49893,35956,13937
W02000295,Caerphilly 006,W06000018,Caerphilly,W92000004,Wales,46021,53719,39427,14292
W02000296,Caerphilly 007,W06000018,Caerphilly,W92000004,Wales,39117,45661,33510,12151
W02000297,Caerphilly 008,W06000018,Caerphilly,W92000004,Wales,39965,47148,33876,13272
W02000298,Caerphilly 009,W06000018,Caerphilly,W92000004,Wales,46295,54875,39058,15817
W02000299,Caerphilly 010,W06000018,Caerphilly,W92000004,Wales,40807,47574,35003,12571
W02000300,Caerphilly 011,W06000018,Caerphilly,W92000004,Wales,44283,51922,37768,14154
W02000301,Caerphilly 012,W06000018,Caerphilly,W92000004,Wales,43761,51725,37023,14702
W02000302,Caerphilly 013,W06000018,Caerphilly,W92000004,Wales,45945,53628,39362,14266
W02000303,Caerphilly 014,W06000018,Caerphilly,W92000004,Wales,42520,50137,36059,14078
W02000304,Caerphilly 015,W06000018,Caerphilly,W92000004,Wales,41516,48521,35522,12999
W02000305,Caerphilly 016,W06000018,Caerphilly,W92000004,Wales,43748,51230,37358,13872
W02000306,Caerphilly 017,W06000018,Caerphilly,W92000004,Wales,41352,48334,35379,12955
W02000307,Caerphilly 018,W06000018,Caerphilly,W92000004,Wales,38551,45145,32920,12225
W02000308,Caerphilly 019,W06000018,Caerphilly,W92000004,Wales,43971,51360,37645,13715
W02000309,Caerphilly 020,W06000018,Caerphilly,W92000004,Wales,42086,49499,35782,13717
W02000310,Caerphilly 021,W06000018,Caerphilly,W92000004,Wales,47884,55891,41024,14867
W02000311,Caerphilly 022,W06000018,Caerphilly,W92000004,Wales,41936,48936,35937,12999
W02000312,Caerphilly 023,W06000018,Caerphilly,W92000004,Wales,44441,52091,37915,14176
W02000313,Caerphilly 024,W06000018,Caerphilly,W92000004,Wales,53895,63385,45825,17560
W02000314,Blaenau Gwent 001,W06000019,Blaenau Gwent,W92000004,Wales,38772,45284,33196,12088
W02000315,Blaenau Gwent 002,W06000019,Blaenau Gwent,W92000004,Wales,37171,43740,31589,12151
W02000316,Blaenau Gwent 003,W06000019,Blaenau Gwent,W92000004,Wales,38672,45225,33068,12157
W02000317,Blaenau Gwent 004,W06000019,Blaenau Gwent,W92000004,Wales,39542,46146,33883,12263
W02000318,Blaenau Gwent 005,W06000019,Blaenau Gwent,W92000004,Wales,37411,43771,31975,11796
W02000319,Blaenau Gwent 006,W06000019,Blaenau Gwent,W92000004,Wales,37297,43617,31893,11724
W02000320,Blaenau Gwent 007,W06000019,Blaenau Gwent,W92000004,Wales,39051,45617,33430,12187
W02000321,Blaenau Gwent 008,W06000019,Blaenau Gwent,W92000004,Wales,38499,45012,32928,12084
W02000322,Blaenau Gwent 009,W06000019,Blaenau Gwent,W92000004,Wales,33801,39519,28911,10608
W02000323,Torfaen 001,W06000020,Torfaen,W92000004,Wales,40088,46889,34273,12616
W02000324,Torfaen 002,W06000020,Torfaen,W92000004,Wales,39289,45980,33571,12409
W02000325,Torfaen 003,W06000020,Torfaen,W92000004,Wales,41632,49730,34853,14877
W02000326,Torfaen 004,W06000020,Torfaen,W92000004,Wales,38624,45069,33101,11968
W02000327,Torfaen 005,W06000020,Torfaen,W92000004,Wales,49985,58321,42840,15481
W02000328,Torfaen 006,W06000020,Torfaen,W92000004,Wales,45351,53084,38744,14340
W02000329,Torfaen 007,W06000020,Torfaen,W92000004,Wales,42262,49317,36217,13100
W02000330,Torfaen 008,W06000020,Torfaen,W92000004,Wales,43780,51698,37075,14623
W02000331,Torfaen 009,W06000020,Torfaen,W92000004,Wales,39545,46994,33276,13718
W02000332,Torfaen 010,W06000020,Torfaen,W92000004,Wales,37910,44628,32204,12424
W02000333,Torfaen 011,W06000020,Torfaen,W92000004,Wales,44809,53874,37269,16605
W02000334,Torfaen 012,W06000020,Torfaen,W92000004,Wales,49889,58244,42733,15511
W02000335,Torfaen 013,W06000020,Torfaen,W92000004,Wales,53158,62143,45472,16671
W02000336,Monmouthshire 001,W06000021,Monmouthshire,W92000004,Wales,47816,55888,40909,14979
W02000337,Monmouthshire 002,W06000021,Monmouthshire,W92000004,Wales,40279,47086,34456,12630
W02000338,Monmouthshire 003,W06000021,Monmouthshire,W92000004,Wales,50603,59197,43257,15940
W02000339,Monmouthshire 004,W06000021,Monmouthshire,W92000004,Wales,44163,54265,35942,18323
W02000340,Monmouthshire 005,W06000021,Monmouthshire,W92000004,Wales,52723,61701,45051,16650
W02000341,Monmouthshire 006,W06000021,Monmouthshire,W92000004,Wales,50682,59391,43250,16141
W02000342,Monmouthshire 007,W06000021,Monmouthshire,W92000004,Wales,58760,73255,47133,26122
W02000343,Monmouthshire 008,W06000021,Monmouthshire,W92000004,Wales,43715,51042,37440,13602
W02000344,Monmouthshire 009,W06000021,Monmouthshire,W92000004,Wales,56665,66188,48512,17676
W02000345,Monmouthshire 010,W06000021,Monmouthshire,W92000004,Wales,42804,49954,36676,13278
W02000346,Monmouthshire 011,W06000021,Monmouthshire,W92000004,Wales,61168,72827,51376,21451
W02000347,Newport 001,W06000022,Newport,W92000004,Wales,52056,60723,44625,16098
W02000348,Newport 002,W06000022,Newport,W92000004,Wales,42674,51261,35526,15735
W02000349,Newport 003,W06000022,Newport,W92000004,Wales,36869,43179,31480,11699
W02000350,Newport 004,W06000022,Newport,W92000004,Wales,56323,66446,47742,18704
W02000351,Newport 005,W06000022,Newport,W92000004,Wales,42423,49940,36037,13903
W02000352,Newport 006,W06000022,Newport,W92000004,Wales,39606,46272,33900,12372
W02000353,Newport 007,W06000022,Newport,W92000004,Wales,47863,55888,40990,14898
W02000354,Newport 008,W06000022,Newport,W92000004,Wales,39562,46297,33808,12489
W02000355,Newport 009,W06000022,Newport,W92000004,Wales,62080,72971,52815,20156
W02000356,Newport 010,W06000022,Newport,W92000004,Wales,38175,45205,32239,12966
W02000357,Newport 011,W06000022,Newport,W92000004,Wales,43194,50455,36978,13477
W02000358,Newport 012,W06000022,Newport,W92000004,Wales,56259,66172,47830,18342
W02000359,Newport 013,W06000022,Newport,W92000004,Wales,42931,50281,36656,13625
W02000360,Newport 014,W06000022,Newport,W92000004,Wales,41459,48798,35224,13574
W02000361,Newport 015,W06000022,Newport,W92000004,Wales,41778,48750,35803,12947
W02000362,Newport 016,W06000022,Newport,W92000004,Wales,55171,65146,46724,18422
W02000363,Newport 017,W06000022,Newport,W92000004,Wales,42951,50233,36724,13509
W02000364,Newport 018,W06000022,Newport,W92000004,Wales,39444,46660,33343,13317
W02000365,Newport 019,W06000022,Newport,W92000004,Wales,42809,51009,35927,15082
W02000366,Newport 020,W06000022,Newport,W92000004,Wales,58976,69838,49803,20035
W02000097,Powys 001,W06000023,Powys,W92000004,Wales,44306,52308,37528,14780
W02000098,Powys 002,W06000023,Powys,W92000004,Wales,46173,53933,39530,14403
W02000099,Powys 003,W06000023,Powys,W92000004,Wales,37717,44052,32293,11759
W02000100,Powys 004,W06000023,Powys,W92000004,Wales,41673,49080,35383,13697
W02000101,Powys 005,W06000023,Powys,W92000004,Wales,45175,52985,38516,14469
W02000102,Powys 006,W06000023,Powys,W92000004,Wales,43549,50997,37188,13809
W02000103,Powys 007,W06000023,Powys,W92000004,Wales,46402,55719,38643,17076
W02000104,Powys 008,W06000023,Powys,W92000004,Wales,38136,44843,32432,12411
W02000105,Powys 009,W06000023,Powys,W92000004,Wales,38850,45501,33171,12330
W02000106,Powys 010,W06000023,Powys,W92000004,Wales,42240,49583,35984,13599
W02000107,Powys 011,W06000023,Powys,W92000004,Wales,40873,49398,33819,15579
W02000108,Powys 012,W06000023,Powys,W92000004,Wales,38772,45444,33080,12364
W02000109,Powys 013,W06000023,Powys,W92000004,Wales,38509,45075,32899,12176
W02000110,Powys 014,W06000023,Powys,W92000004,Wales,38894,45675,33119,12556
W02000111,Powys 015,W06000023,Powys,W92000004,Wales,41861,49183,35629,13554
W02000113,Powys 017,W06000023,Powys,W92000004,Wales,44805,52337,38358,13979
W02000114,Powys 018,W06000023,Powys,W92000004,Wales,50686,59709,43027,16682
W02000414,Powys 020,W06000023,Powys,W92000004,Wales,46347,54885,39137,15748
W02000416,Powys 021,W06000023,Powys,W92000004,Wales,40614,47615,34642,12973
W02000284,Merthyr Tydfil 002,W06000024,Merthyr Tydfil,W92000004,Wales,38626,45088,33089,11999
W02000285,Merthyr Tydfil 003,W06000024,Merthyr Tydfil,W92000004,Wales,49543,57814,42455,15359
W02000286,Merthyr Tydfil 004,W06000024,Merthyr Tydfil,W92000004,Wales,38343,47979,30642,17337
W02000287,Merthyr Tydfil 005,W06000024,Merthyr Tydfil,W92000004,Wales,41920,49015,35852,13163
W02000288,Merthyr Tydfil 006,W06000024,Merthyr Tydfil,W92000004,Wales,38905,45689,33128,12561
W02000289,Merthyr Tydfil 007,W06000024,Merthyr Tydfil,W92000004,Wales,44005,51409,37668,13741
W02000415,Merthyr Tydfil 008,W06000024,Merthyr Tydfil,W92000004,Wales,37194,43731,31635,12096
